﻿<?xml version="1.0" encoding="UTF-8"?>
<Envelope xmlns:xsi="http://www.w3.org/2001/XMLSchema-instance">
  <Body>
    <Section>
      <ListCells>
        <Cells>
          <ListCell>
            <Cell CellID="C_4" Value ="01###- Thương mại: phân phối, cung cấp hàng hóa, nguyên liệu, vật tư, máy móc, thiết bị gắn với dịch vụ tại Việt Nam###1"/>
            <Cell CellID="C_5" Value ="02###- Dịch vụ cho thuê máy móc, thiết bị bảo hiểm###5"/>
            <Cell CellID="C_6" Value ="03###- Xây dựng###2"/>
            <Cell CellID="C_7" Value ="04###- Hoạt động sản xuất, kinh doanh khác, vận chuyển (bao gồm vận chuyển đường biển và vận chuyển hàng không)###2"/>
            <Cell CellID="C_8" Value ="05###- Cho thuê tàu bay, động cơ tàu bay, phụ tùng tàu bay, tàu biển###2"/>
            <Cell CellID="C_9" Value ="06###- Tái bảo hiểm###2"/>
            <Cell CellID="C_10" Value ="07###- Chuyển nhượng chứng khoán###0,1" />
            <Cell CellID="C_11" Value ="08###- Lãi tiền vay###10" />
            <Cell CellID="C_12" Value ="09###- Thu nhập bản quyền###10"/>
          </ListCell>
        </Cells>
      </ListCells>
    </Section>
  </Body>
</Envelope>