<?xml version="1.0" encoding="UTF-8"?>

<Root FirstTimeRunID="100_1" Version="130">
	<Menu ID="100" PopID="" ParentID="" Caption="Hệ thống" FormName="Hệ thống" Year=" " Month="" ThreeMonth="" Day="" FinanceYear="" Icon="Images\setting.png"/>
	<Menu ID="100_1" PopID="1" ParentID="100" Caption="Thông tin doanh nghiệp/Người nộp thuế" FormName="OwnerInfo" Year="0" Month="0" ThreeMonth="0" Day="0" FinanceYear="0" Icon="Images\item.png">
		<Validity StartDate="14/06/2006" InterfaceTemplate="InterfaceTemplates\excel\Header.xls" ReportTemplate="" Class="TAX_Business.clsHeader_new" Class2="">
			<Sheet ID="01" Caption="Thông tin chung" Active="1" TemplateFolder="InterfaceTemplates\xml\" Folder="DataFiles\" DataFile="Header_01" InterfaceIni="InterfaceIni\Header_01.xml"/>
		</Validity>
	</Menu>
	<Menu ID="100_5" PopID="1" ParentID="100" Caption="Chuyển mã số khác..." FormName="changeTaxCode" Year="0" Month="0" ThreeMonth="0" Day="0" FinanceYear="0" Icon="Images\item.png"/>
	<Menu ID="100_4" PopID="1" ParentID="100" Caption="Thoát" FormName="exit" Year="0" Month="0" ThreeMonth="0" Day="0" FinanceYear="0" Icon="Images\item.png"/>
	<Menu ID="101" PopID="" ParentID="" Caption="Kê khai" FormName="" Year="0" Month="0" ThreeMonth="0" Day="0" FinanceYear="0" Icon="Images\folder.png"/>
	<Menu ID="101_1" PopID="" ParentID="101" Caption="Thuế Giá Trị Gia Tăng" FormName="" Year="0" Month="0" ThreeMonth="0" Day="0" FinanceYear="0" Icon="Images\folder.png"/>
	<Menu ID="01" PopID="101" ParentID="101_1" Caption="Tờ khai GTGT khấu trừ (01/GTGT)" FormName="" Year="1" Month="1" ThreeMonth="0" Day="0" FinanceYear="0" Icon="Images\item.png">
		<Validity StartDate="14/06/2006" InterfaceTemplate="Template/EXCEL/01_GTGT.xls" ReportTemplate="ReportTemplates\excel\01_GTGT.xls" Class="TAX_Business.cls_01GTGT" Class2="TAX_Business.clsReport001_1">
			<Sheet ID="01" Caption="Tờ khai" Active="1" TemplateFolder="InterfaceTemplates\xml\" Folder="DataFiles\" DataFile="01_GTGT" InterfaceIni="InterfaceIni\01_GTGT.xml" ReportIni="ReportIni\01_GTGT.xml"/>
			<Sheet ID="01_1" Caption="PL 01-1/GTGT" Active="0" TemplateFolder="InterfaceTemplates\xml\" Folder="DataFiles\" DataFile="pl01_01_GTGT" InterfaceIni="InterfaceIni\01_1_GTGT.xml" ReportIni="ReportIni\01_1_GTGT.xml"/>
			<Sheet ID="01_2" Caption="PL 01-2/GTGT" Active="0" TemplateFolder="InterfaceTemplates\xml\" Folder="DataFiles\" DataFile="pl02_01_GTGT" InterfaceIni="InterfaceIni\01_2_GTGT.xml" ReportIni="ReportIni\01_2_GTGT.xml"/>
			<Sheet ID="01_3" Caption="PL 01-3/GTGT" Active="0" TemplateFolder="InterfaceTemplates\xml\" Folder="DataFiles\" DataFile="pl03_01_GTGT" InterfaceIni="InterfaceIni\01_3_GTGT.xml" ReportIni="ReportIni\01_3_GTGT.xml"/>
			<Sheet ID="01_4A" Caption="PL 01-4A/GTGT" Active="0" TemplateFolder="InterfaceTemplates\xml\" Folder="DataFiles\" DataFile="pl4A_01_GTGT" InterfaceIni="InterfaceIni\01_4A_GTGT.xml" ReportIni="ReportIni\01_4A_GTGT.xml"/>
			<Sheet ID="01_4B" Caption="PL 01-4B/GTGT" Active="0" TemplateFolder="InterfaceTemplates\xml\" Folder="DataFiles\" DataFile="pl4B_01_GTGT" InterfaceIni="InterfaceIni\01_4B_GTGT.xml" ReportIni="ReportIni\01_4B_GTGT.xml"/>
			<Sheet ID="01_5" Caption="PL 01-5/GTGT" Active="0" TemplateFolder="InterfaceTemplates\xml\" Folder="DataFiles\" DataFile="pl05_01_GTGT" InterfaceIni="InterfaceIni\01_5_GTGT.xml" ReportIni="ReportIni\01_5_GTGT.xml"/>
			<Sheet ID="01_6" Caption="PL 01-6/GTGT" Active="0" TemplateFolder="InterfaceTemplates\xml\" Folder="DataFiles\" DataFile="pl06_01_GTGT" InterfaceIni="InterfaceIni\01_6_GTGT.xml" ReportIni="ReportIni\01_6_GTGT.xml"/>
			<Sheet ID="KHBS" Caption="KHBS" Active="0" TemplateFolder="InterfaceTemplates\xml\" Folder="DataFiles\" DataFile="bs_01_GTGT" InterfaceIni="InterfaceIni\KHBS_01_GTGT.xml" ReportIni="ReportIni\KHBS_01_GTGT.xml"/>
		</Validity>
	</Menu>

	<Menu ID="02" PopID="101" ParentID="101_1" Caption="Tờ khai GTGT cho Dự án đầu tư (02/GTGT)" FormName="" Year="1" Month="1" ThreeMonth="0" Day="0" FinanceYear="0" Icon="Images\item.png">
		<Validity StartDate="14/06/2006" InterfaceTemplate="Template/EXCEL/02_GTGT.xls" ReportTemplate="ReportTemplates\excel\02_GTGT.xls" Class="TAX_Business.cls_02GTGT" Class2="TAX_Business.clsReport001_1">
			<Sheet ID="01" Caption="Tờ khai" Active="1" TemplateFolder="InterfaceTemplates\xml\" Folder="DataFiles\" DataFile="02_GTGT" InterfaceIni="InterfaceIni\02_GTGT.xml" ReportIni="ReportIni\02_GTGT.xml"/>
			<Sheet ID="01_2" Caption="PL 01-2/GTGT" Active="0" TemplateFolder="InterfaceTemplates\xml\" Folder="DataFiles\" DataFile="pl01_02_GTGT" InterfaceIni="InterfaceIni\02_1_GTGT.xml" ReportIni="ReportIni\01_2_GTGT.xml"/>
			<Sheet ID="01_2_1" Caption="PL 01_2_1/GTGT" Active="0" TemplateFolder="InterfaceTemplates\xml\" Folder="DataFiles\" DataFile="pl02_02_GTGT" InterfaceIni="InterfaceIni\02_1_1_GTGT.xml" ReportIni="ReportIni\02_1_1_GTGT.xml"/>
			<Sheet ID="01_2_2" Caption="PL 01_2_2/GTGT" Active="0" TemplateFolder="InterfaceTemplates\xml\" Folder="DataFiles\" DataFile="pl03_02_GTGT" InterfaceIni="InterfaceIni\02_1_2_GTGT.xml" ReportIni="ReportIni\02_1_2_GTGT.xml"/>
			<Sheet ID="01_2_3" Caption="PL 01_2_3/GTGT" Active="0" TemplateFolder="InterfaceTemplates\xml\" Folder="DataFiles\" DataFile="pl04_02_GTGT" InterfaceIni="InterfaceIni\02_1_3_GTGT.xml" ReportIni="ReportIni\02_1_3_GTGT.xml"/>
			<Sheet ID="01_2_4" Caption="PL 01_2_4/GTGT" Active="0" TemplateFolder="InterfaceTemplates\xml\" Folder="DataFiles\" DataFile="pl05_02_GTGT" InterfaceIni="InterfaceIni\02_1_4_GTGT.xml" ReportIni="ReportIni\02_1_4_GTGT.xml"/>
			<Sheet ID="01_2_5" Caption="PL 01_2_5/GTGT" Active="0" TemplateFolder="InterfaceTemplates\xml\" Folder="DataFiles\" DataFile="pl06_02_GTGT" InterfaceIni="InterfaceIni\02_1_5_GTGT.xml" ReportIni="ReportIni\02_1_5_GTGT.xml"/>
			<Sheet ID="01_2_6" Caption="PL 01_2_6/GTGT" Active="0" TemplateFolder="InterfaceTemplates\xml\" Folder="DataFiles\" DataFile="pl07_02_GTGT" InterfaceIni="InterfaceIni\02_1_6_GTGT.xml" ReportIni="ReportIni\02_1_6_GTGT.xml"/>
			<Sheet ID="01_2_7" Caption="PL 01_2_7/GTGT" Active="0" TemplateFolder="InterfaceTemplates\xml\" Folder="DataFiles\" DataFile="pl08_02_GTGT" InterfaceIni="InterfaceIni\02_1_7_GTGT.xml" ReportIni="ReportIni\02_1_7_GTGT.xml"/>
			<Sheet ID="01_2_8" Caption="PL 01_2_8/GTGT" Active="0" TemplateFolder="InterfaceTemplates\xml\" Folder="DataFiles\" DataFile="pl09_02_GTGT" InterfaceIni="InterfaceIni\02_1_8_GTGT.xml" ReportIni="ReportIni\02_1_8_GTGT.xml"/>
			<Sheet ID="01_2_9" Caption="PL 01_2_9/GTGT" Active="0" TemplateFolder="InterfaceTemplates\xml\" Folder="DataFiles\" DataFile="pl10_02_GTGT" InterfaceIni="InterfaceIni\02_1_9_GTGT.xml" ReportIni="ReportIni\02_1_9_GTGT.xml"/>
			<Sheet ID="KHBS" Caption="KHBS" Active="0" TemplateFolder="InterfaceTemplates\xml\" Folder="DataFiles\" DataFile="bs_02_GTGT" InterfaceIni="InterfaceIni\KHBS_02_GTGT.xml" ReportIni="ReportIni\KHBS_02_GTGT.xml"/>
		</Validity>
	</Menu>
	<Menu ID="04" PopID="101" ParentID="101_1" Caption="Tờ khai GTGT trực tiếp trên GTGT(03/GTGT)" FormName="" Year="1" Month="1" ThreeMonth="0" Day="0" FinanceYear="0" Icon="Images\item.png">
		<Validity StartDate="14/06/2006" InterfaceTemplate="Template/EXCEL/03_GTGT.xls" ReportTemplate="ReportTemplates\excel\03_GTGT.xls" Class="TAX_Business.cls_03GTGT" Class2="TAX_Business.clsReport004">
			<Sheet ID="01" Caption="Tờ khai" Active="1" TemplateFolder="InterfaceTemplates\xml\" Folder="DataFiles\" DataFile="03_GTGT" InterfaceIni="InterfaceIni\03_GTGT.xml" ReportIni="ReportIni\03_GTGT.xml"/>
			<Sheet ID="KHBS" Caption="KHBS" Active="0" TemplateFolder="InterfaceTemplates\xml\" Folder="DataFiles\" DataFile="bs_03_GTGT" InterfaceIni="InterfaceIni\KHBS_03_GTGT.xml" ReportIni="ReportIni\KHBS_03_GTGT.xml"/>
		</Validity>
	</Menu>
	<Menu ID="71" PopID="101" ParentID="101_1" Caption="Tờ khai GTGT TT trên doanh thu (04/GTGT)" FormName="" Year="1" Month="1" ThreeMonth="0" Day="0" FinanceYear="0" Icon="Images\item.png">
		<Validity StartDate="01/01/1900" InterfaceTemplate="Template/EXCEL/04_GTGT.xls" ReportTemplate="ReportTemplates\excel\04_GTGT.xls" Class="TAX_Business.cls_04GTGT" Class2="TAX_Business.clsReport004">
			<Sheet ID="01" Caption="Tờ khai" Active="1" TemplateFolder="InterfaceTemplates\xml\" Folder="DataFiles\" DataFile="04_GTGT" InterfaceIni="InterfaceIni\04_GTGT.xml" ReportIni="ReportIni\04_GTGT.xml"/>
			<Sheet ID="KHBS" Caption="KHBS" Active="0" TemplateFolder="InterfaceTemplates\xml\" Folder="DataFiles\" DataFile="bs_04_GTGT" InterfaceIni="InterfaceIni\KHBS_04_GTGT.xml" ReportIni="ReportIni\KHBS_04_GTGT.xml"/>
		</Validity>
	</Menu>
	<Menu ID="72" PopID="101" ParentID="101_1" Caption="Tờ khai thuế GTGT KD ngoại tỉnh (05/GTGT)" FormName="" Year="1" Month="1" ThreeMonth="0" Day="0" FinanceYear="0" Icon="Images\item.png">
		<Validity StartDate="14/06/2006" InterfaceTemplate="Template/EXCEL/05_GTGT.xls" ReportTemplate="ReportTemplates\excel\05_GTGT.xls" Class="TAX_Business.cls_05GTGT" Class2="TAX_Business.clsReport004">
			<Sheet ID="01" Caption="Tờ khai" Active="1" TemplateFolder="InterfaceTemplates\xml\" Folder="DataFiles\" DataFile="05_GTGT" InterfaceIni="InterfaceIni\05_GTGT.xml" ReportIni="ReportIni\05_GTGT.xml"/>
			<Sheet ID="KHBS" Caption="KHBS" Active="0" TemplateFolder="InterfaceTemplates\xml\" Folder="DataFiles\" DataFile="bs_05_GTGT" InterfaceIni="InterfaceIni\KHBS_05_GTGT.xml" ReportIni="ReportIni\KHBS_05_GTGT.xml"/>
		</Validity>
	</Menu>
	<Menu ID="102_7" PopID="101" ParentID="101_1" Caption="PL thuế GTGT ưu đãi NQ08 (01-7/GTGT)" FormName="" Year="0" Month="0" ThreeMonth="0" Day="0" FinanceYear="0" Icon="Images\item.png"/>
	<Menu ID="102_13" PopID="101" ParentID="101_1" Caption="Bảng kê gia hạn thuế GTGT theo NQ13/NQ-CP" FormName="" Year="0" Month="0" ThreeMonth="0" Day="0" FinanceYear="0" Icon="Images\item.png"/>
	<Menu ID="102_14" PopID="101" ParentID="101_1" Caption="Bảng kê gia hạn nộp thuế GTGT theo TT83" FormName="" Year="0" Month="0" ThreeMonth="0" Day="0" FinanceYear="0" Icon="Images\item.png"/>
	<Menu ID="102_15" PopID="101" ParentID="101_1" Caption="PL miễn thuế GTGT theo TT140/2012/TT-BTC(01/GTGT)" FormName="" Year="0" Month="0" ThreeMonth="0" Day="0" FinanceYear="0" Icon="Images\item.png"/>
  <Menu ID="102_16" PopID="101" ParentID="101_1" Caption="Gia hạn nộp thuế GTGT theo TT 16/2013/TT-BTC" FormName="" Year="0" Month="0" ThreeMonth="0" Day="0" FinanceYear="0" Icon="Images\item.png"/>

  <Menu ID="101_2" PopID="" ParentID="101" Caption="Thuế Thu Nhập Doanh Nghiệp" FormName="" Year="0" Month="0" ThreeMonth="0" Day="0" FinanceYear="0" Icon="Images\folder.png"/>
	<Menu ID="11" PopID="101" ParentID="101_2" Caption="Tờ khai thuế TNDN tạm tính (01A/TNDN)" FormName="" Year="1" Month="0" ThreeMonth="1" Day="0" FinanceYear="1" Icon="Images\item.png">
		<Validity StartDate="14/06/2006" InterfaceTemplate="Template/EXCEL/01A_TNDN.xls" ReportTemplate="ReportTemplates\excel\01A_TNDN.xls" Class="TAX_Business.cls_01ATNDN" Class2="TAX_Business.clsReport002">
			<Sheet ID="01" Caption="Tờ khai" Active="1" TemplateFolder="InterfaceTemplates\xml\" Folder="DataFiles\" DataFile="01A_TNDN" InterfaceIni="InterfaceIni\01A_TNDN.xml" ReportIni="ReportIni\01A_TNDN.xml"/>
			<Sheet ID="01-1" Caption="PL 05/TNDN " Active="0" TemplateFolder="InterfaceTemplates\xml\" Folder="DataFiles\" DataFile="pl1_A_TNDN" InterfaceIni="InterfaceIni\01A_1_TNDN.xml" ReportIni="ReportIni\01A_1_TNDN.xml"/>
			<Sheet ID="KHBS" Caption="KHBS" Active="0" TemplateFolder="InterfaceTemplates\xml\" Folder="DataFiles\" DataFile="bs_01A_TNDN" InterfaceIni="InterfaceIni\KHBS_01A_TNDN.xml" ReportIni="ReportIni\KHBS_01A_TNDN.xml"/>
		</Validity>
	</Menu>
	<Menu ID="12" PopID="101" ParentID="101_2" Caption="Tờ khai thuế TNDN tạm tính (01B/TNDN)" FormName="" Year="1" Month="0" ThreeMonth="1" Day="0" FinanceYear="1" Icon="Images\item.png">
		<Validity StartDate="14/06/2006" InterfaceTemplate="Template/EXCEL/01B_TNDN.xls" ReportTemplate="ReportTemplates\excel\01B_TNDN.xls" Class="TAX_Business.cls_01BTNDN" Class2="TAX_Business.clsReport002">
			<Sheet ID="01" Caption="Tờ khai" Active="1" TemplateFolder="InterfaceTemplates\xml\" Folder="DataFiles\" DataFile="01B_TNDN" InterfaceIni="InterfaceIni\01B_TNDN.xml" ReportIni="ReportIni\01B_TNDN.xml"/>
			<Sheet ID="01-1" Caption="PL 05/TNDN " Active="0" TemplateFolder="InterfaceTemplates\xml\" Folder="DataFiles\" DataFile="pl1_B_TNDN" InterfaceIni="InterfaceIni\01B_1_TNDN.xml" ReportIni="ReportIni\01B_1_TNDN.xml"/>
			<Sheet ID="KHBS" Caption="KHBS" Active="0" TemplateFolder="InterfaceTemplates\xml\" Folder="DataFiles\" DataFile="bs_01B_TNDN" InterfaceIni="InterfaceIni\KHBS_01B_TNDN.xml" ReportIni="ReportIni\KHBS_01B_TNDN.xml"/>
		</Validity>
	</Menu>
  <Menu ID="102_9" PopID="101" ParentID="101_2" Caption="Thông báo lựa chọn phương án hưởng ưu đãi thuế Thông tư số 199/2012/TT-BTC mẫu 01/TNDN" FormName="" Year="0" Month="0" ThreeMonth="0" Day="0" FinanceYear="0" Icon="Images\item.png"/>
  <Menu ID="73" PopID="101" ParentID="101_2_NotConfig" Caption="TK TNDN cho chuyển nhượng BĐS (02/TNDN)" FormName="" Year="1" Month="0" ThreeMonth="1" Day="1" FinanceYear="1" Icon="Images\item.png">
		<Validity StartDate="14/06/2006" InterfaceTemplate="InterfaceTemplates\excel\02_TNDN.xls" ReportTemplate="ReportTemplates\excel\02_TNDN.xls" Class="TAX_Business.cls_02TNDN" Class2="TAX_Business.clsReport002">
			<Sheet ID="02" Caption="Tờ khai" Active="1" TemplateFolder="InterfaceTemplates\xml\" Folder="DataFiles\" DataFile="02_TNDN" InterfaceIni="InterfaceIni\02_TNDN.xml" ReportIni="ReportIni\02_TNDN.xml"/>
			<Sheet ID="KHBS" Caption="KHBS" Active="0" TemplateFolder="InterfaceTemplates\xml\" Folder="DataFiles\" DataFile="KHBS_02_TNDN" InterfaceIni="InterfaceIni\KHBS_02_TNDN.xml" ReportIni="ReportIni\KHBS_02_TNDN.xml"/>
		</Validity>
	</Menu>

	<Menu ID="03" PopID="101" ParentID="101_2" Caption="Tờ khai thuế thu nhập doanh nghiệp (02/TNDN)" FormName="" Year="1" Month="0" ThreeMonth="0" Day="1" FinanceYear="1" Icon="Images\item.png">
		<Validity StartDate="14/06/2006" InterfaceTemplate="Template/EXCEL/02_TNDN.xls" ReportTemplate="ReportTemplates\excel\02_TNDN.xls" Class="TAX_Business.cls_02TNDN" Class2="TAX_Business.clsReport002">
			<Sheet ID="02" Caption="Tờ khai" Active="1" TemplateFolder="InterfaceTemplates\xml\" Folder="DataFiles\" DataFile="02_TNDN" InterfaceIni="InterfaceIni\02_TNDN.xml" ReportIni="ReportIni\02_01.xml"/>
			<Sheet ID="KHBS" Caption="KHBS" Active="0" TemplateFolder="InterfaceTemplates\xml\" Folder="DataFiles\" DataFile="bs_02_TNDN" InterfaceIni="InterfaceIni\KHBS_02_TNDN.xml" ReportIni="ReportIni\KHBS_02_TNDN.xml"/>
		</Validity>
	</Menu>

	<Menu ID="03" PopID="101" ParentID="101_2" Caption="Quyết toán TNDN năm (03/TNDN)" FormName="" Year="1" Month="0" ThreeMonth="0" Day="1" FinanceYear="1" Icon="Images\item.png">
		<Validity StartDate="14/06/2006" InterfaceTemplate="Template/EXCEL/03_TNDN.xls" ReportTemplate="ReportTemplates\excel\03_TNDN.xls" Class="TAX_Business.cls_03TNDN" Class2="TAX_Business.clsReport002">
			<Sheet ID="03" Caption="Tờ khai" Active="1" TemplateFolder="InterfaceTemplates\xml\" Folder="DataFiles\" DataFile="03_TNDN" InterfaceIni="InterfaceIni\03_TNDN.xml" ReportIni="ReportIni\03_01.xml"/>
			<Sheet ID="03-1A" Caption="03-1A/TNDN" Active="0" TemplateFolder="InterfaceTemplates\xml\" Folder="DataFiles\" DataFile="pl_03_1A_TNDN" InterfaceIni="InterfaceIni\03_1A_TNDN.xml" ReportIni="ReportIni\03_1A_TNDN.xml"/>
			<Sheet ID="03-1B" Caption="03-1B/TNDN" Active="0" TemplateFolder="InterfaceTemplates\xml\" Folder="DataFiles\" DataFile="pl_03_1B_TNDN" InterfaceIni="InterfaceIni\03_1B_TNDN.xml" ReportIni="ReportIni\03_1B_TNDN.xml"/>
			<Sheet ID="03-1C" Caption="03-1C/TNDN" Active="0" TemplateFolder="InterfaceTemplates\xml\" Folder="DataFiles\" DataFile="pl_03_1C_TNDN" InterfaceIni="InterfaceIni\03_1C_TNDN.xml" ReportIni="ReportIni\03_1C_TNDN.xml"/>
			<Sheet ID="03-2A" Caption="03-2A/TNDN" Active="0" TemplateFolder="InterfaceTemplates\xml\" Folder="DataFiles\" DataFile="pl_03_2A_TNDN" InterfaceIni="InterfaceIni\03_2A_TNDN.xml" ReportIni="ReportIni\03_2A_TNDN.xml"/>
			<Sheet ID="03-2B" Caption="03-2B/TNDN" Active="0" TemplateFolder="InterfaceTemplates\xml\" Folder="DataFiles\" DataFile="pl_03_2B_TNDN" InterfaceIni="InterfaceIni\03_2B_TNDN.xml" ReportIni="ReportIni\03_2B_TNDN.xml"/>
			<Sheet ID="03-3A" Caption="03-3A/TNDN" Active="0" TemplateFolder="InterfaceTemplates\xml\" Folder="DataFiles\" DataFile="pl_03_3A_TNDN" InterfaceIni="InterfaceIni\03_3A_TNDN.xml" ReportIni="ReportIni\03_3A_TNDN.xml"/>
			<Sheet ID="03-3B" Caption="03-3B/TNDN" Active="0" TemplateFolder="InterfaceTemplates\xml\" Folder="DataFiles\" DataFile="pl_03_3B_TNDN" InterfaceIni="InterfaceIni\03_3B_TNDN.xml" ReportIni="ReportIni\03_3B_TNDN.xml"/>
			<Sheet ID="03-3C" Caption="03-3C/TNDN" Active="0" TemplateFolder="InterfaceTemplates\xml\" Folder="DataFiles\" DataFile="pl_03_3C_TNDN" InterfaceIni="InterfaceIni\03_3C_TNDN.xml" ReportIni="ReportIni\03_3C_TNDN.xml"/>
			<Sheet ID="03-4" Caption="03-4/TNDN" Active="0" TemplateFolder="InterfaceTemplates\xml\" Folder="DataFiles\" DataFile="pl_03_4_TNDN" InterfaceIni="InterfaceIni\03_4_TNDN.xml" ReportIni="ReportIni\03_4_TNDN.xml"/>
			<Sheet ID="03-5" Caption="03-5/TNDN" Active="0" TemplateFolder="InterfaceTemplates\xml\" Folder="DataFiles\" DataFile="pl_03_5_TNDN" InterfaceIni="InterfaceIni\03_5_TNDN.xml" ReportIni="ReportIni\03_5_TNDN.xml"/>
			<Sheet ID="03-05" Caption="PL 05/TNDN" Active="0" TemplateFolder="InterfaceTemplates\xml\" Folder="DataFiles\" DataFile="pl_03_05_TNDN" InterfaceIni="InterfaceIni\03_05_TNDN.xml" ReportIni="ReportIni\03_05_TNDN.xml"/>
			<Sheet ID="03-6" Caption="03-6/TNDN" Active="0" TemplateFolder="InterfaceTemplates\xml\" Folder="DataFiles\" DataFile="pl_03_6_TNDN" InterfaceIni="InterfaceIni\03_6_TNDN.xml" ReportIni="ReportIni\03_6_TNDN.xml"/>
			<Sheet ID="03-7" Caption="GCN-01/QLT" Active="0" TemplateFolder="InterfaceTemplates\xml\" Folder="DataFiles\" DataFile="pl_03_7_TNDN" InterfaceIni="InterfaceIni\03_7_TNDN.xml" ReportIni="ReportIni\03_7_TNDN.xml"/>
			<Sheet ID="KHBS" Caption="KHBS" Active="0" TemplateFolder="InterfaceTemplates\xml\" Folder="DataFiles\" DataFile="bs_03_TNDN" InterfaceIni="InterfaceIni\KHBS_03_TNDN.xml" ReportIni="ReportIni\KHBS_03_TNDN.xml"/>
		</Validity>
	</Menu>
	<Menu ID="102_17" PopID="101" ParentID="101_2" Caption="Tờ khai thuế thu nhập doanh nghiệp (04/TNDN)" FormName="" Year="1" Month="0" ThreeMonth="0" Day="1" FinanceYear="1" Icon="Images\item.png">
		<Validity StartDate="01/01/2000" InterfaceTemplate="Template/EXCEL/04_TNDN.xls" ReportTemplate="ReportTemplates\excel\04_TNDN.xls" Class="TAX_Business.cls_04TNDN">
			<Sheet ID="02" Caption="Tờ khai" Active="1" TemplateFolder="InterfaceTemplates\xml\" Folder="DataFiles\" DataFile="04_TNDN" InterfaceIni="InterfaceIni\04_TNDN.xml" ReportIni="ReportIni\04_TNDN.xml"/>
			<Sheet ID="KHBS" Caption="KHBS" Active="0" TemplateFolder="InterfaceTemplates\xml\" Folder="DataFiles\" DataFile="bs_04_TNDN" InterfaceIni="InterfaceIni\KHBS_04_TNDN.xml" ReportIni="ReportIni\KHBS_04_TNDN.xml"/>
		</Validity>
	</Menu>
	<Menu ID="102_18" PopID="101" ParentID="101_2" Caption="Tờ khai thuế TNDN khấu trừ (05/TNDN)" FormName="" Year="1" Month="0" ThreeMonth="0" Day="1" FinanceYear="1" Icon="Images\item.png">
		<Validity StartDate="14/06/2006" InterfaceTemplate="Template/EXCEL/05_TNDN.xls" ReportTemplate="ReportTemplates\excel\05_TNDN.xls" Class="TAX_Business.cls_05TNDN">
			<Sheet ID="02" Caption="Tờ khai" Active="1" TemplateFolder="InterfaceTemplates\xml\" Folder="DataFiles\" DataFile="05_TNDN" InterfaceIni="InterfaceIni\05_TNDN.xml" ReportIni="ReportIni\05_TNDN.xml"/>
			<Sheet ID="KHBS" Caption="KHBS" Active="0" TemplateFolder="InterfaceTemplates\xml\" Folder="DataFiles\" DataFile="bs_05_TNDN" InterfaceIni="InterfaceIni\KHBS_05_TNDN.xml" ReportIni="ReportIni\KHBS_05_TNDN.xml"/>
		</Validity>
	</Menu>

	<Menu ID="102_9" PopID="101" ParentID="101_2" Caption="Bảng kê gia hạn thuế TNDN theo TT170" FormName="" Year="0" Month="0" ThreeMonth="0" Day="0" FinanceYear="0" Icon="Images\item.png"/>
	<Menu ID="102_12" PopID="101" ParentID="101_2" Caption="Bảng kê gia hạn thuế TNDN theo QĐ 04/2012/QĐ-TTg" FormName="" Year="0" Month="0" ThreeMonth="0" Day="0" FinanceYear="0" Icon="Images\item.png"/>
	<Menu ID="102_11" PopID="101" ParentID="101_2" Caption="Bảng kê gia hạn thuế TNDN theo TT83/2012/TT-BTC" FormName="" Year="0" Month="0" ThreeMonth="0" Day="0" FinanceYear="0" Icon="Images\item.png"/>
	<Menu ID="102_16" PopID="101" ParentID="101_2" Caption="PL miễn, giảm thuế TNDN theo TT140/2012/TT-BTC(01A/TNDN)" FormName="" Year="0" Month="0" ThreeMonth="0" Day="0" FinanceYear="0" Icon="Images\item.png"/>
  <Menu ID="102_17" PopID="101" ParentID="101_2" Caption="Gia hạn nộp thuế TNDN theo TT 16/2013/TT-BTC" FormName="" Year="0" Month="0" ThreeMonth="0" Day="0" FinanceYear="0" Icon="Images\item.png"/>

	<Menu ID="101_11" PopID="" ParentID="101" Caption="Thuế Thu Nhập Cá Nhân" FormName="" Year="0" Month="0" ThreeMonth="0" Day="0" FinanceYear="0" Icon="Images\folder.png"/>
	<Menu ID="46" PopID="101" ParentID="101_11" Caption="TK-TNCN Mẫu 01/KK-BH theo tháng" FormName="" Year="1" Month="1" ThreeMonth="0" Day="0" FinanceYear="1" Icon="Images\item.png">
		<Validity StartDate="01/01/2010" InterfaceTemplate="Template/EXCEL/01A_TNCN_BH.xls" ReportTemplate="ReportTemplates\excel\01A_TNCN_BH.xls"  Class="TVAN.Frm.frm01A_TNCN_BH" >
			<Sheet ID="01" Caption="Tờ khai" Active="1" TemplateFolder="InterfaceTemplates\xml\" Folder="DataFiles\" DataFile="01A_TNCN_BH" InterfaceIni="InterfaceIni\01A_TNCN_BH.xml" ReportIni="ReportIni\01A_TNCN_BH.xml"/>
			<Sheet ID="KHBS" Caption="KHBS" Active="0" TemplateFolder="InterfaceTemplates\xml\" Folder="DataFiles\" DataFile="01A_TNCN_BH" InterfaceIni="InterfaceIni\KHBS.xml" ReportIni="ReportIni\KHBS.xml"/>
		</Validity>
	</Menu>
	<Menu ID="47" PopID="101" ParentID="101_11" Caption="TK-TNCN Mẫu 01/KK-BH theo quý" FormName="" Year="1" Month="0" ThreeMonth="1" Day="0" FinanceYear="0" Icon="Images\item.png">
		<Validity StartDate="01/01/2010" InterfaceTemplate="Template/EXCEL/01B_TNCN_BH.xls" ReportTemplate="ReportTemplates\excel\01B_TNCN_BH.xls"  Class="TAX_Business.cls_01BBHTNCN" >
			<Sheet ID="01" Caption="Tờ khai" Active="1" TemplateFolder="InterfaceTemplates\xml\" Folder="DataFiles\" DataFile="01B_TNCN_BH" InterfaceIni="InterfaceIni\01B_TNCN_BH.xml" ReportIni="ReportIni\01B_TNCN_BH.xml"/>
			<Sheet ID="KHBS" Caption="KHBS" Active="0" TemplateFolder="InterfaceTemplates\xml\" Folder="DataFiles\" DataFile="01B_TNCN_BH" InterfaceIni="InterfaceIni\KHBS.xml" ReportIni="ReportIni\KHBS.xml"/>
		</Validity>
	</Menu>
	<Menu ID="48" PopID="101" ParentID="101_11" Caption="TK-TNCN Mẫu 01/KK-XS theo tháng" FormName="" Year="1" Month="1" ThreeMonth="0" Day="0" FinanceYear="0" Icon="Images\item.png">
		<Validity StartDate="01/01/2010" InterfaceTemplate="Template/EXCEL/01A_TNCN_XS.xls" ReportTemplate="ReportTemplates\excel\01A_TNCN_XS.xls"  Class="TAX_Business.cls_01AXSTNCN" >
			<Sheet ID="01" Caption="Tờ khai" Active="1" TemplateFolder="InterfaceTemplates\xml\" Folder="DataFiles\" DataFile="01A_TNCN_XS" InterfaceIni="InterfaceIni\01A_TNCN_XS.xml" ReportIni="ReportIni\01A_TNCN_XS.xml"/>
			<Sheet ID="KHBS" Caption="KHBS" Active="0" TemplateFolder="InterfaceTemplates\xml\" Folder="DataFiles\" DataFile="bs_01A_TNCN_XS" InterfaceIni="InterfaceIni\KHBS.xml" ReportIni="ReportIni\KHBS.xml"/>
		</Validity>
	</Menu>
	<Menu ID="49" PopID="101" ParentID="101_11" Caption="TK-TNCN Mẫu 01/KK-XS theo quý" FormName="" Year="1" Month="0" ThreeMonth="1" Day="0" FinanceYear="0" Icon="Images\item.png">
		<Validity StartDate="01/01/2010" InterfaceTemplate="Template/EXCEL/01B_TNCN_XS.xls" ReportTemplate="ReportTemplates\excel\01B_TNCN_XS.xls"  Class="TAX_Business.cls_01BXSTNCN" >
			<Sheet ID="01" Caption="Tờ khai" Active="1" TemplateFolder="InterfaceTemplates\xml\" Folder="DataFiles\" DataFile="01B_TNCN_XS" InterfaceIni="InterfaceIni\01B_TNCN_XS.xml" ReportIni="ReportIni\01B_TNCN_XS.xml"/>
			<Sheet ID="KHBS" Caption="KHBS" Active="0" TemplateFolder="InterfaceTemplates\xml\" Folder="DataFiles\" DataFile="bs_01B_TNCN_XS" InterfaceIni="InterfaceIni\KHBS.xml" ReportIni="ReportIni\KHBS.xml"/>
		</Validity>
	</Menu>
	<Menu ID="15" PopID="101" ParentID="101_11" Caption="TK-TNCN Mẫu 02/KK-TNCN theo tháng" FormName="" Year="1" Month="1" ThreeMonth="0" Day="0" FinanceYear="0" Icon="Images\item.png">
		<Validity StartDate="01/01/2010" InterfaceTemplate="Template/EXCEL/02A_TNCN.xls" ReportTemplate="ReportTemplates\excel\02A_TNCN10.xls"  Class="TAX_Business.cls_02ATNCN10" >
			<Sheet ID="01" Caption="Tờ khai" Active="1" TemplateFolder="InterfaceTemplates\xml\" Folder="DataFiles\" DataFile="02A_TNCN" InterfaceIni="InterfaceIni\02A_TNCN10.xml" ReportIni="ReportIni\02_TNCN10.xml"/>
			<Sheet ID="KHBS" Caption="KHBS" Active="0" TemplateFolder="InterfaceTemplates\xml\" Folder="DataFiles\" DataFile="bs_02A_TNCN" InterfaceIni="InterfaceIni\KHBS.xml" ReportIni="ReportIni\KHBS.xml"/>
		</Validity>
	</Menu>
	<Menu ID="16" PopID="101" ParentID="101_11" Caption="TK-TNCN Mẫu 02/KK-TNCN theo qúy" FormName="" Year="1" Month="0" ThreeMonth="1" Day="0" FinanceYear="0" Icon="Images\item.png">
		<Validity StartDate="01/01/2010" InterfaceTemplate="Template/EXCEL/02B_TNCN.xls" ReportTemplate="ReportTemplates\excel\02B_TNCN10.xls"  Class="TAX_Business.cls_02BTNCN10">
			<Sheet ID="01" Caption="Tờ khai" Active="1" TemplateFolder="InterfaceTemplates\xml\" Folder="DataFiles\" DataFile="02B_TNCN" InterfaceIni="InterfaceIni\02B_TNCN10.xml" ReportIni="ReportIni\02_TNCN10.xml"/>
			<Sheet ID="KHBS" Caption="KHBS" Active="0" TemplateFolder="InterfaceTemplates\xml\" Folder="DataFiles\" DataFile="bs_02B_TNCN" InterfaceIni="InterfaceIni\KHBS.xml" ReportIni="ReportIni\KHBS.xml"/>
		</Validity>
	</Menu>
	<Menu ID="50" PopID="101" ParentID="101_11" Caption="TK-TNCN Mẫu 03/KK-TNCN theo tháng" FormName="" Year="1" Month="1" ThreeMonth="0" Day="0" FinanceYear="0" Icon="Images\item.png">
		<Validity StartDate="01/01/2010" InterfaceTemplate="Template/EXCEL/03A_TNCN.xls" ReportTemplate="ReportTemplates\excel\03A_TNCN10.xls" Class="TAX_Business.cls_03ATNCN10">
			<Sheet ID="01" Caption="Tờ khai" Active="1" TemplateFolder="InterfaceTemplates\xml\" Folder="DataFiles\" DataFile="03A_TNCN" InterfaceIni="InterfaceIni\03A_TNCN10.xml" ReportIni="ReportIni\03A_TNCN10.xml"/>
			<Sheet ID="KHBS" Caption="KHBS" Active="0" TemplateFolder="InterfaceTemplates\xml\" Folder="DataFiles\" DataFile="bs_03A_TNCN" InterfaceIni="InterfaceIni\KHBS.xml" ReportIni="ReportIni\KHBS.xml"/>
		</Validity>
	</Menu>
	<Menu ID="51" PopID="101" ParentID="101_11" Caption="TK-TNCN Mẫu 03/KK-TNCN theo quý" FormName="" Year="1" Month="0" ThreeMonth="1" Day="0" FinanceYear="0" Icon="Images\item.png">
		<Validity StartDate="01/01/2010" InterfaceTemplate="Template/EXCEL/03B_TNCN.xls" ReportTemplate="ReportTemplates\excel\03B_TNCN10.xls" Class="TAX_Business.cls_03BTNCN10">
			<Sheet ID="01" Caption="Tờ khai" Active="1" TemplateFolder="InterfaceTemplates\xml\" Folder="DataFiles\" DataFile="03B_TNCN" InterfaceIni="InterfaceIni\03B_TNCN10.xml" ReportIni="ReportIni\03_TNCN10.xml"/>
			<Sheet ID="KHBS" Caption="KHBS" Active="0" TemplateFolder="InterfaceTemplates\xml\" Folder="DataFiles\" DataFile="bs_03B_TNCN" InterfaceIni="InterfaceIni\KHBS.xml" ReportIni="ReportIni\KHBS.xml"/>
		</Validity>
	</Menu>

	<Menu ID="36" PopID="101" ParentID="101_11" Caption="TK-TNCN Mẫu 07/KK-TNCN (Cá nhân tự khai)" FormName="" Year="1" Month="1" ThreeMonth="0" Day="0" FinanceYear="0" Icon="Images\item.png">
		<Validity StartDate="01/01/2010" InterfaceTemplate="Template/EXCEL/07_TNCN.xls" ReportTemplate="ReportTemplates\excel\07_TNCN.xls" Class="TAX_Business.cls_07TNCN" Class2="TAX_Business.clsReport008">
			<Sheet ID="07" Caption="Tờ khai" Active="1" TemplateFolder="InterfaceTemplates\xml\" Folder="DataFiles\" DataFile="07_TNCN" InterfaceIni="InterfaceIni\07_TNCN.xml" ReportIni="ReportIni\07_TNCN.xml"/>
			<Sheet ID="KHBS" Caption="KHBS" Active="0" TemplateFolder="InterfaceTemplates\xml\" Folder="DataFiles\" DataFile="bs_07_TNCN" InterfaceIni="InterfaceIni\KHBS.xml" ReportIni="ReportIni\KHBS.xml"/>
		</Validity>
	</Menu>

	<Menu ID="74" PopID="101" ParentID="101_11" Caption="TK tạm nộp thuế TNCN (08/KK-TNCN)" FormName="" Year="1" Month="0" ThreeMonth="1" Day="0" FinanceYear="0" Icon="Images\item.png">
		<Validity StartDate="01/01/1900" InterfaceTemplate="Template/EXCEL/08_TNCN.xls" ReportTemplate="ReportTemplates\excel\08_TNCN.xls" Class="TAX_Business.cls_08TNCN" Class2="TAX_Business.clsReport008">
			<Sheet ID="01" Caption="Tờ khai" Active="1" TemplateFolder="InterfaceTemplates\xml\" Folder="DataFiles\" DataFile="08_TNCN" InterfaceIni="InterfaceIni\08_TNCN.xml" ReportIni="ReportIni\08_TNCN.xml"/>
			<Sheet ID="KHBS" Caption="KHBS" Active="0" TemplateFolder="InterfaceTemplates\xml\" Folder="DataFiles\" DataFile="KHBS" InterfaceIni="InterfaceIni\KHBS.xml" ReportIni="ReportIni\KHBS.xml"/>
		</Validity>
	</Menu>

	<Menu ID="75" PopID="101" ParentID="101_11" Caption="TK tạm nộp thuế TNCN (08A/KK-TNCN)" FormName="" Year="1" Month="0" ThreeMonth="1" Day="0" FinanceYear="0" Icon="Images\item.png">
		<Validity StartDate="01/01/1900" InterfaceTemplate="Template/EXCEL/08A_TNCN.xls" ReportTemplate="ReportTemplates\excel\08A_TNCN.xls" Class="TAX_Business.cls_08ATNCN" Class2="TAX_Business.clsReport008">
			<Sheet ID="01" Caption="Tờ khai" Active="1" TemplateFolder="InterfaceTemplates\xml\" Folder="DataFiles\" DataFile="08A_TNCN" InterfaceIni="InterfaceIni\08A_TNCN.xml" ReportIni="ReportIni\08A_TNCN.xml"/>
			<Sheet ID="KHBS" Caption="KHBS" Active="0" TemplateFolder="InterfaceTemplates\xml\" Folder="DataFiles\" DataFile="KHBS" InterfaceIni="InterfaceIni\KHBS.xml" ReportIni="ReportIni\KHBS.xml"/>
		</Validity>
	</Menu>

	<Menu ID="101_8" PopID="" ParentID="101" Caption="Thuế nhà thầu" FormName="" Year="0" Month="0" ThreeMonth="0" Day="0" FinanceYear="0" Icon="Images\folder.png"/>
	<Menu ID="70" PopID="101" ParentID="101_8" Caption="Tờ khai thuế nhà thầu nước ngoài - 01/NTNN" FormName="" Year="1" Month="1" ThreeMonth="0" Day="1" FinanceYear="0" Icon="Images\item.png">
		<Validity StartDate="01/01/1900" InterfaceTemplate="Template/EXCEL/01A_NTNN.xls" ReportTemplate="ReportTemplates\excel\01_NTNN.xls" Class="TAX_Business.cls_01NTNN" Class2="TAX_Business.clsReport008">
			<Sheet ID="01" Caption="Tờ khai" Active="1" TemplateFolder="InterfaceTemplates\xml\" Folder="DataFiles\" DataFile="01A_NTNN" InterfaceIni="InterfaceIni\01_NTNN.xml" ReportIni="ReportIni\01_NTNN.xml"/>
			<Sheet ID="KHBS" Caption="KHBS" Active="0" TemplateFolder="InterfaceTemplates\xml\" Folder="DataFiles\" DataFile="bs_01A_NTNN" InterfaceIni="InterfaceIni\KHBS_01_NTNN.xml" ReportIni="ReportIni\KHBS_01_NTNN.xml"/>
		</Validity>
	</Menu>

	<Menu ID="83" PopID="101" ParentID="101_8" Caption="Tờ khai thuế nhà thầu nước ngoài - 02/NTNN" FormName="" Year="1" Month="1" ThreeMonth="0" Day="1" FinanceYear="0" Icon="Images\item.png">
		<Validity StartDate="01/01/1900" InterfaceTemplate="Template/EXCEL/02_NTNN.xls" ReportTemplate="ReportTemplates\excel\02_NTNN.xls" Class="TAX_Business.cls_02NTNN" Class2="TAX_Business.clsReport008">
			<Sheet ID="02" Caption="Tờ khai" Active="1" TemplateFolder="InterfaceTemplates\xml\" Folder="DataFiles\" DataFile="02_NTNN" InterfaceIni="InterfaceIni\02_NTNN.xml" ReportIni="ReportIni\02_NTNN.xml"/>
			<Sheet ID="02-1" Caption="02-1-NTNN" Active="0" TemplateFolder="InterfaceTemplates\xml\" Folder="DataFiles\" DataFile="pl01_02_NTNN" InterfaceIni="InterfaceIni\01_02_NTNN.xml" ReportIni="ReportIni\01_02_NTNN.xml"/>
			<Sheet ID="02-2" Caption="02-2-NTNN" Active="0" TemplateFolder="InterfaceTemplates\xml\" Folder="DataFiles\" DataFile="pl02_02_NTNN" InterfaceIni="InterfaceIni\02_02_NTNN.xml" ReportIni="ReportIni\02_02_NTNN.xml"/>
			<Sheet ID="KHBS" Caption="KHBS" Active="0" TemplateFolder="InterfaceTemplates\xml\" Folder="DataFiles\" DataFile="bs_02_NTNN" InterfaceIni="InterfaceIni\bs_02_NTNN.xml" ReportIni="ReportIni\bs_02_NTNN.xml"/>
		</Validity>
	</Menu>

	<Menu ID="81" PopID="101" ParentID="101_8" Caption="Tờ khai thuế nhà thầu nước ngoài - 03/NTNN" FormName="" Year="1" Month="1" ThreeMonth="0" Day="1" FinanceYear="0" Icon="Images\item.png">
		<Validity StartDate="01/01/1900" InterfaceTemplate="Template/EXCEL/03_NTNN.xls" ReportTemplate="ReportTemplates\excel\03_NTNN.xls" Class="TAX_Business.cls_03NTNN" Class2="TAX_Business.clsReport008">
			<Sheet ID="01" Caption="Tờ khai" Active="1" TemplateFolder="InterfaceTemplates\xml\" Folder="DataFiles\" DataFile="03_NTNN" InterfaceIni="InterfaceIni\03_NTNN.xml" ReportIni="ReportIni\03_NTNN.xml"/>
			<Sheet ID="KHBS" Caption="KHBS" Active="0" TemplateFolder="InterfaceTemplates\xml\" Folder="DataFiles\" DataFile="bs_03_NTNN" InterfaceIni="InterfaceIni\bs_03_NTNN.xml" ReportIni="ReportIni\bs_03_NTNN.xml"/>
		</Validity>
	</Menu>

	<Menu ID="82" PopID="101" ParentID="101_8" Caption="Tờ khai thuế nhà thầu nước ngoài - 04/NTNN" FormName="" Year="1" Month="1" ThreeMonth="0" Day="1" FinanceYear="0" Icon="Images\item.png">
		<Validity StartDate="01/01/1900" InterfaceTemplate="Template/EXCEL/04_NTNN.xls" ReportTemplate="ReportTemplates\excel\04_NTNN.xls" Class="TAX_Business.cls_04NTNN" Class2="TAX_Business.clsReport008">
			<Sheet ID="01" Caption="Tờ khai" Active="1" TemplateFolder="InterfaceTemplates\xml\" Folder="DataFiles\" DataFile="04_NTNN" InterfaceIni="InterfaceIni\04_NTNN.xml" ReportIni="ReportIni\04_NTNN.xml"/>
			<Sheet ID="04-1" Caption="04-1/NTNN" Active="0" TemplateFolder="InterfaceTemplates\xml\" Folder="DataFiles\" DataFile="pl_04_1_04_NTNN" InterfaceIni="InterfaceIni\04_1_04_NTNN.xml" ReportIni="ReportIni\04_1_04_NTNN.xml"/>
			<Sheet ID="KHBS" Caption="KHBS" Active="0" TemplateFolder="InterfaceTemplates\xml\" Folder="DataFiles\" DataFile="bs_04_NTNN" InterfaceIni="InterfaceIni\bs_04_NTNN.xml" ReportIni="ReportIni\bs_04_NTNN.xml"/>
		</Validity>
	</Menu>

	<Menu ID="101_10" PopID="" ParentID="101" Caption="Quyết toán Thuế Thu Nhập Cá Nhân" FormName="" Year="0" Month="0" ThreeMonth="0" Day="0" FinanceYear="0" Icon="Images\folder.png"/>
	<Menu ID="17" PopID="101" ParentID="101_10" Caption="Tờ khai 05/KK-TNCN" FormName="" Year="1" Month="0" ThreeMonth="0" Day="0" FinanceYear="1" Icon="Images\item.png">
		<Validity StartDate="01/01/2009" InterfaceTemplate="Template/EXCEL/05_TNCN.xls" ReportTemplate="ReportTemplates\excel\05_TNCN.xls" CatalogueID="01" Class="TAX_Business.cls_05TNCN">
			<Sheet ID="05" Caption="05KK-TNCN" Active="1" TemplateFolder="InterfaceTemplates\xml\" Folder="DataFiles\" DataFile="05KK_TNCN" InterfaceIni="InterfaceIni\05_TNCN.xml"/>
			<Sheet ID="05A" Caption="05ABK-TNCN" Active="1" TemplateFolder="InterfaceTemplates\xml\" Folder="DataFiles\" DataFile="pl01_05_TNCN" InterfaceIni="InterfaceIni\05A_TNCN.xml" ReportIni="ReportIni\05A_TNCN.xml"/>
			<Sheet ID="05B" Caption="05BBK-TNCN" Active="1" TemplateFolder="InterfaceTemplates\xml\" Folder="DataFiles\" DataFile="pl02_05_TNCN" InterfaceIni="InterfaceIni\05B_TNCN.xml" ReportIni="ReportIni\05B_TNCN.xml"/>
      <Sheet ID="27MT" Caption="27MT-TNCN" Active="1" TemplateFolder="InterfaceTemplates\xml\" Folder="DataFiles\" DataFile="pl03_05_TNCN" InterfaceIni="InterfaceIni\27MT_TNCN.xml" ReportIni="ReportIni\27MT_TNCN.xml"/>
      <Sheet ID="KHBS" Caption="KHBS" Active="0" TemplateFolder="InterfaceTemplates\xml\" Folder="DataFiles\" DataFile="bs_05KK_TNCN" InterfaceIni="InterfaceIni\KHBS.xml" ReportIni="ReportIni\KHBS.xml"/>
		</Validity>
	</Menu>
	<Menu ID="42" PopID="101" ParentID="101_10" Caption="Tờ khai 02/KK-BH" FormName="" Year="1" Month="0" ThreeMonth="0" Day="0" FinanceYear="0" Icon="Images\item.png">
		<Validity StartDate="01/01/2009" InterfaceTemplate="Template/EXCEL\02_TNCN_BH.xls" ReportTemplate="ReportTemplates\excel\02_TNCN_BH.xls" CatalogueID="01" Class="TAX_Business.cls_02BHTNCN">
			<Sheet ID="02" Caption="02KK-BH" Active="1" TemplateFolder="InterfaceTemplates\xml\" Folder="DataFiles\" DataFile="02_TNCN_BH" InterfaceIni="InterfaceIni\02_TNCN_BH.xml"/>
			<Sheet ID="02A" Caption="02BK-BH" Active="1" TemplateFolder="InterfaceTemplates\xml\" Folder="DataFiles\" DataFile="pl02_TNCN_BH" InterfaceIni="InterfaceIni\02A_TNCN_BH.xml"/>
			<Sheet ID="KHBS" Caption="KHBS" Active="0" TemplateFolder="InterfaceTemplates\xml\" Folder="DataFiles\" DataFile="bs_02TNCN_BH" InterfaceIni="InterfaceIni\KHBS.xml" ReportIni="ReportIni\KHBS.xml"/>
		</Validity>
	</Menu>
	<Menu ID="43" PopID="101" ParentID="101_10" Caption="Tờ khai 02/KK-XS" FormName="" Year="1" Month="0" ThreeMonth="0" Day="0" FinanceYear="0" Icon="Images\item.png">
		<Validity StartDate="01/01/2009" InterfaceTemplate="Template/EXCEL\02_TNCN_XS.xls" ReportTemplate="ReportTemplates\excel\02_TNCN_XS.xls" CatalogueID="01" Class="TAX_Business.cls_02XSTNCN">
			<Sheet ID="02" Caption="02KK-XS" Active="1" TemplateFolder="InterfaceTemplates\xml\" Folder="DataFiles\" DataFile="02_TNCN_XS" InterfaceIni="InterfaceIni\02_TNCN_XS.xml"/>
			<Sheet ID="02A" Caption="02BK-XS" Active="1" TemplateFolder="InterfaceTemplates\xml\" Folder="DataFiles\" DataFile="pl02_TNCN_XS" InterfaceIni="InterfaceIni\02A_TNCN_XS.xml"/>
			<Sheet ID="KHBS" Caption="KHBS" Active="0" TemplateFolder="InterfaceTemplates\xml\" Folder="DataFiles\" DataFile="bs_02TNCN_XS" InterfaceIni="InterfaceIni\KHBS.xml" ReportIni="ReportIni\KHBS.xml"/>
		</Validity>
	</Menu>
	<Menu ID="59" PopID="101" ParentID="101_10" Caption="Tờ khai 06/KK-TNCN" FormName="" Year="1" Month="0" ThreeMonth="0" Day="0" FinanceYear="0" Icon="Images\item.png">
		<Validity StartDate="01/01/2010" InterfaceTemplate="Template/EXCEL/06KK_TNCN.xls" ReportTemplate="ReportTemplates\excel\06_TNCN10.xls" CatalogueID="01" Class="TAX_Business.cls_06TNCN" >
			<Sheet ID="06" Caption="06KK-TNCN" Active="1" TemplateFolder="InterfaceTemplates\xml\" Folder="DataFiles\" DataFile="06KK_TNCN" InterfaceIni="InterfaceIni\06_TNCN10.xml" ReportIni="ReportIni\06_TNCN10.xml"/>
			<Sheet ID="06B" Caption="06BK-TNCN" Active="1" TemplateFolder="InterfaceTemplates\xml\" Folder="DataFiles\" DataFile="06BBK_TNCN" InterfaceIni="InterfaceIni\06B_TNCN10.xml" ReportIni="ReportIni\06B_TNCN10.xml"/>
			<Sheet ID="KHBS" Caption="KHBS" Active="0" TemplateFolder="InterfaceTemplates\xml\" Folder="DataFiles\" DataFile="bs_06KK_TNCN" InterfaceIni="InterfaceIni\KHBS.xml" ReportIni="ReportIni\KHBS.xml"/>
		</Validity>
	</Menu>
	<Menu ID="101_16" PopID="101" ParentID="101_10" Caption="PL miễn thuế TNCN theo TT140/2012/TT-BTC(05/KK-TNCN)" FormName="" Year="0" Month="0" ThreeMonth="0" Day="0" FinanceYear="0" Icon="Images\item.png"/>

	<Menu ID="76" PopID="101" ParentID="101_10_NotConfig" Caption="Tờ khai 08B/KK-TNCN" FormName="" Year="1" Month="0" ThreeMonth="0" Day="0" FinanceYear="0" Icon="Images\item.png">
		<Validity StartDate="01/01/1900" InterfaceTemplate="InterfaceTemplates\excel\08B_TNCN.xls" ReportTemplate="ReportTemplates\excel\08B_TNCN.xls"  Class="TAX_Business.cls_08BTNCN" >
			<Sheet ID="01" Caption="08BKK-TNCN" Active="1" TemplateFolder="InterfaceTemplates\xml\" Folder="DataFiles\" DataFile="08B_TNCN" InterfaceIni="InterfaceIni\08B_TNCN.xml" ReportIni="ReportIni\08B_TNCN.xml"/>
			<Sheet ID="KHBS" Caption="KHBS" Active="0" TemplateFolder="InterfaceTemplates\xml\" Folder="DataFiles\" DataFile="KHBS" InterfaceIni="InterfaceIni\KHBS.xml" ReportIni="ReportIni\KHBS.xml"/>
		</Validity>
	</Menu>

	<Menu ID="41" PopID="101" ParentID="101_10" Caption="Tờ khai 09/KK-TNCN" FormName="" Year="1" Month="0" ThreeMonth="0" Day="0" FinanceYear="0" Icon="Images\item.png">
		<Validity StartDate="01/01/2009" InterfaceTemplate="Template\excel\09_TNCN.xls" ReportTemplate="ReportTemplates\excel\09_TNCN.xls" CatalogueID="01" Class="TAX_Business.cls_09TNCN">
			<Sheet ID="09" Caption="Tờ khai" Active="1" TemplateFolder="InterfaceTemplates\xml\" Folder="DataFiles\" DataFile="09_TNCN" InterfaceIni="InterfaceIni\09_TNCN.xml"/>
			<Sheet ID="09A" Caption="PL 09A/TNCN" Active="1" TemplateFolder="InterfaceTemplates\xml\" Folder="DataFiles\" DataFile="pl09A_09_TNCN" InterfaceIni="InterfaceIni\pl09A_09TNCN.xml"/>
			<Sheet ID="09B" Caption="PL 09B/TNCN" Active="1" TemplateFolder="InterfaceTemplates\xml\" Folder="DataFiles\" DataFile="pl09B_09_TNCN" InterfaceIni="InterfaceIni\pl09B_09TNCN"/>
			<Sheet ID="09C" Caption="PL 09C/TNCN" Active="1" TemplateFolder="InterfaceTemplates\xml\" Folder="DataFiles\" DataFile="pl09C_09_TNCN" InterfaceIni="InterfaceIni\pl09C_09TNCN" ReportIni="ReportIni\09C_TNCN.xml"/>
      <Sheet ID="26MT" Caption="PL 26MT/TNCN" Active="1" TemplateFolder="InterfaceTemplates\xml\" Folder="DataFiles\" DataFile="pl26MT_09_TNCN" InterfaceIni="InterfaceIni\pl26MT_09TNCN" ReportIni="ReportIni\09C_TNCN.xml"/>
			<Sheet ID="KHBS" Caption="Kê khai bổ sung" Active="0" TemplateFolder="InterfaceTemplates\xml\" Folder="DataFiles\" DataFile="bs_09_TNCN" InterfaceIni="InterfaceIni\KHBS.xml" ReportIni="ReportIni\KHBS.xml"/>
		</Validity>
	</Menu>

	<Menu ID="102_8" PopID="1" ParentID="102" Caption="Phụ lục 25/MGT-TNCN" FormName="" Year="0" Month="0" ThreeMonth="0" Day="0" FinanceYear="0" Icon="Images\folder.png"/>

	<Menu ID="45" PopID="101" ParentID="101_10_NotConfig" Caption="Hỗ trợ in Quyết toán thuế cho cá nhân" FormName="" Year="1" Month="0" ThreeMonth="0" Day="0" FinanceYear="1" Icon="Images\item.png">
		<Validity StartDate="01/01/2009" InterfaceTemplate="InterfaceTemplates\excel\05_TNCN_09.xls" ReportTemplate="ReportTemplates\excel\05_TNCN_09.xls" CatalogueID="01" Class="TAX_Business.cls_0509TNCN">
			<Sheet ID="05A" Caption="05A/BK-TNCN" Active="1" TemplateFolder="InterfaceTemplates\xml\" Folder="DataFiles\" DataFile="05_TNCN_09" InterfaceIni=""/>
			<Sheet ID="KHBS" Caption="KHBS" Active="0" TemplateFolder="InterfaceTemplates\xml\" Folder="DataFiles\" DataFile="KHBS" InterfaceIni="InterfaceIni\KHBS.xml" ReportIni="ReportIni\KHBS.xml"/>
		</Validity>
	</Menu>

	<Menu ID="52" PopID="101" ParentID="101_10_NotConfig" Caption="In mẫu trang bìa hồ sơ quyết toán" FormName="" Year="1" Month="0" ThreeMonth="0" Day="0" FinanceYear="1" Icon="Images\item.png">
		<Validity StartDate="01/01/1900" InterfaceTemplate="InterfaceTemplates\excel\IN_BIA_TNCN.xls" ReportTemplate="ReportTemplates\excel\IN_BIA_TNCN.xls" CatalogueID="01" Class="TAX_Business.cls_InBia">
			<Sheet ID="01" Caption="Mẫu bìa" Active="1" TemplateFolder="InterfaceTemplates\xml\" Folder="DataFiles\" DataFile="IN_BIA_TNCN" InterfaceIni=""/>
			<Sheet ID="KHBS" Caption="KHBS" Active="0" TemplateFolder="InterfaceTemplates\xml\" Folder="DataFiles\" DataFile="KHBS" InterfaceIni="InterfaceIni\KHBS.xml" ReportIni="ReportIni\KHBS.xml"/>
		</Validity>
	</Menu>

	<Menu ID="101_3" PopID="" ParentID="101" Caption="Thuế Tài Nguyên" FormName="" Year="0" Month="0" ThreeMonth="0" Day="0" FinanceYear="0" Icon="Images\folder.png"/>
	<Menu ID="06" PopID="101" ParentID="101_3" Caption="Tờ khai thuế tài nguyên(01/TAIN)" FormName="" Year="1" Month="1" ThreeMonth="0" Day="0" FinanceYear="0" Icon="Images\item.png">
		<Validity StartDate="14/06/2006" InterfaceTemplate="Template/EXCEL/01_TAIN.xls" ReportTemplate="ReportTemplates\excel\01_TAIN.xls" CatalogueID="01" Class="TAX_Business.cls_01TAIN" Class2="TAX_Business.clsReport002">
			<Sheet ID="01" Caption="Tờ khai" Active="1" TemplateFolder="InterfaceTemplates\xml\" Folder="DataFiles\" DataFile="01_TAIN" InterfaceIni="InterfaceIni\01_TAIN.xml" ReportIni="ReportIni\01_TAIN.xml"/>
			<Sheet ID="KHBS" Caption="KHBS" Active="0" TemplateFolder="InterfaceTemplates\xml\" Folder="DataFiles\" DataFile="bs_01_TAIN" InterfaceIni="InterfaceIni\KHBS_01_TAIN.xml" ReportIni="ReportIni\KHBS_01_TAIN.xml"/>
		</Validity>
	</Menu>
	<Menu ID="77" PopID="101" ParentID="101_3" Caption="Tờ khai quyết toán thuế tài nguyên(02/TAIN)" FormName="" Year="1" Month="0" ThreeMonth="0" Day="0" FinanceYear="0" Icon="Images\item.png">
		<Validity StartDate="14/06/2006" InterfaceTemplate="Template/EXCEL/02_TAIN.xls" ReportTemplate="ReportTemplates\excel\02_TAIN.xls" CatalogueID="01" Class="TAX_Business.cls_02TAIN" Class2="TAX_Business.clsReport002">
			<Sheet ID="01" Caption="Tờ khai" Active="1" TemplateFolder="InterfaceTemplates\xml\" Folder="DataFiles\" DataFile="02_TAIN" InterfaceIni="InterfaceIni\02_TAIN.xml" ReportIni="ReportIni\02_TAIN.xml"/>
			<Sheet ID="KHBS" Caption="KHBS" Active="0" TemplateFolder="InterfaceTemplates\xml\" Folder="DataFiles\" DataFile="bs_02_TAIN" InterfaceIni="InterfaceIni\KHBS_02_TAIN.xml" ReportIni="ReportIni\KHBS_02_TAIN.xml"/>
		</Validity>
	</Menu>

	<Menu ID="101_4" PopID="" ParentID="101" Caption="Thuế Tiêu Thụ Đặc Biệt" FormName="" Year="0" Month="0" ThreeMonth="0" Day="0" FinanceYear="0" Icon="Images\folder.png"/>
	<Menu ID="05" PopID="101" ParentID="101_4" Caption="Tờ khai thuế tiêu thụ đặc biệt (01/TTĐB)" FormName="" Year="1" Month="1" ThreeMonth="0" Day="1" FinanceYear="0" Icon="Images\item.png">
		<Validity StartDate="01/01/1900" InterfaceTemplate="Template/EXCEL/01_TTDB.xls" ReportTemplate="ReportTemplates\excel\01_TTDB.xls" CatalogueID="02" Class="TAX_Business.cls_01TTDB" Class2="TAX_Business.clsReport005">
			<Sheet ID="01" Caption="Tờ khai" Active="1" TemplateFolder="InterfaceTemplates\xml\" Folder="DataFiles\" DataFile="01_TTDB" InterfaceIni="InterfaceIni\01_TTDB.xml" ReportIni="ReportIni\01_TTDB.xml"/>
			<Sheet ID="01-1" Caption="PL 01-1/TTDB" Active="0" TemplateFolder="InterfaceTemplates\xml\" Folder="DataFiles\" DataFile="pl1_01_TTDB" InterfaceIni="InterfaceIni\01_1_TTDB.xml" ReportIni="ReportIni\01_1_TTDB.xml"/>
			<Sheet ID="01-2" Caption="PL 01-2/TTDB" Active="0" TemplateFolder="InterfaceTemplates\xml\" Folder="DataFiles\" DataFile="pl2_01_TTDB" InterfaceIni="InterfaceIni\01_2_TTDB.xml" ReportIni="ReportIni\01_2_TTDB.xml"/>
			<Sheet ID="KHBS" Caption="KHBS" Active="0" TemplateFolder="InterfaceTemplates\xml\" Folder="DataFiles\" DataFile="bs_01_TTDB" InterfaceIni="InterfaceIni\KHBS_01_TTDB.xml" ReportIni="ReportIni\KHBS_01_TTDB.xml"/>
		</Validity>
	</Menu>
	<Menu ID="101_6" PopID="" ParentID="101" Caption="Báo cáo tài chính" FormName="" Year="0" Month="0" ThreeMonth="0" Day="0" FinanceYear="0" Icon="Images\folder.png"/>
	<Menu ID="69" PopID="101" ParentID="101_6" Caption="Bộ báo cáo tài chính (QĐ 15/2006-BTC)" FormName="" Year="1" Month="0" ThreeMonth="0" Day="0" FinanceYear="0" Icon="Images\item.png">
		<Validity StartDate="23/06/2006" InterfaceTemplate="Template/EXCEL/15_BCTC.xls" ReportTemplate="ReportTemplates\excel\15_BCTC10.xls" Class="TAX_Business.cls_15_BCTC10" Class2="TAX_Business.clsReport015">
			<Sheet ID="01" Caption="CĐKT" Active="1" TemplateFolder="InterfaceTemplates\xml\" Folder="DataFiles\" DataFile="15_BCTC" InterfaceIni="InterfaceIni\15_01_CDKT10.xml" ReportIni="ReportIni\15_01_CDKT10.xml"/>
			<Sheet ID="01-1" Caption="KQHĐSXKD" Active="1" TemplateFolder="InterfaceTemplates\xml\" Folder="DataFiles\" DataFile="pl1_15_BCTC" InterfaceIni="InterfaceIni\15_02_SXKD10.xml" ReportIni="ReportIni\15_02_SXKD10.xml"/>
			<Sheet ID="01-2" Caption="LCTTTT" Active="1" TemplateFolder="InterfaceTemplates\xml\" Folder="DataFiles\" DataFile="pl2_15_BCTC" InterfaceIni="InterfaceIni\15_03_LCTTTT10.xml" ReportIni="ReportIni\15_03_LCTTTT10.xml"/>
			<Sheet ID="01-3" Caption="LCTTGT" Active="1" TemplateFolder="InterfaceTemplates\xml\" Folder="DataFiles\" DataFile="pl3_15_BCTC" InterfaceIni="InterfaceIni\15_04_LCTTGT10.xml" ReportIni="ReportIni\15_04_LCTTGT10.xml"/>
			<Sheet ID="KHBS" Caption="KHBS" Active="0" TemplateFolder="InterfaceTemplates\xml\" Folder="DataFiles\" DataFile="KHBS" InterfaceIni="InterfaceIni\KHBS.xml" ReportIni="ReportIni\KHBS.xml"/>
		</Validity>
	</Menu>

	<Menu ID="19" PopID="101" ParentID="101_6" Caption="Bộ báo cáo tài chính (QĐ 48/2006-BTC)" FormName="" Year="1" Month="0" ThreeMonth="0" Day="0" FinanceYear="0" Icon="Images\item.png">
		<Validity StartDate="14/09/2006" InterfaceTemplate="Template/EXCEL/48_BCTC.xls" ReportTemplate="ReportTemplates\excel\48_BCTC.xls" Class="TAX_Business.cls_48_BCTC" Class2="TAX_Business.clsReport048">
			<Sheet ID="01" Caption="CĐKT" Active="1" TemplateFolder="InterfaceTemplates\xml\" Folder="DataFiles\" DataFile="48_BCTC" InterfaceIni="InterfaceIni\48_01_CDKT.xml" ReportIni="ReportIni\48_01_CDKT.xml"/>
			<Sheet ID="01-1" Caption="KQHĐSXKD" Active="1" TemplateFolder="InterfaceTemplates\xml\" Folder="DataFiles\" DataFile="pl1_48_BCTC" InterfaceIni="InterfaceIni\48_02_SXKD.xml" ReportIni="ReportIni\48_02_SXKD.xml"/>
			<Sheet ID="01-2" Caption="LCTTTT" Active="1" TemplateFolder="InterfaceTemplates\xml\" Folder="DataFiles\" DataFile="pl2_48_BCTC" InterfaceIni="InterfaceIni\48_03_LCTTTT.xml" ReportIni="ReportIni\48_03_LCTTTT.xml"/>
			<Sheet ID="01-3" Caption="LCTTGT" Active="1" TemplateFolder="InterfaceTemplates\xml\" Folder="DataFiles\" DataFile="pl3_48_BCTC" InterfaceIni="InterfaceIni\48_04_LCTTGT.xml" ReportIni="ReportIni\48_04_LCTTGT.xml"/>
			<Sheet ID="KHBS" Caption="KHBS" Active="0" TemplateFolder="InterfaceTemplates\xml\" Folder="DataFiles\" DataFile="KHBS" InterfaceIni="InterfaceIni\KHBS.xml" ReportIni="ReportIni\KHBS.xml"/>
		</Validity>
	</Menu>

	<Menu ID="20" PopID="101" ParentID="101_6" Caption="Bộ báo cáo tài chính (QĐ 16/2007-NHNN)" FormName="" Year="1" Month="0" ThreeMonth="0" Day="0" FinanceYear="0" Icon="Images\item.png">
		<Validity StartDate="18/04/2007" InterfaceTemplate="Template/EXCEL/16_BCTC.xls" ReportTemplate="ReportTemplates\excel\16_BCTC.xls" Class="TAX_Business.cls_16_BCTC" Class2="TAX_Business.clsReport016">
			<Sheet ID="01" Caption="CĐKT" Active="1" TemplateFolder="InterfaceTemplates\xml\" Folder="DataFiles\" DataFile="16_BCTC" InterfaceIni="InterfaceIni\16_01_CDKT.xml" ReportIni="ReportIni\16_01_CDKT.xml"/>
			<Sheet ID="01-1" Caption="KQHĐSXKD" Active="1" TemplateFolder="InterfaceTemplates\xml\" Folder="DataFiles\" DataFile="pl1_16_BCTC" InterfaceIni="InterfaceIni\16_02_SXKD.xml" ReportIni="ReportIni\16_02_SXKD.xml"/>
			<Sheet ID="01-2" Caption="LCTTTT" Active="1" TemplateFolder="InterfaceTemplates\xml\" Folder="DataFiles\" DataFile="pl2_16_BCTC" InterfaceIni="InterfaceIni\16_03_LCTTTT.xml" ReportIni="ReportIni\16_03_LCTTTT.xml"/>
			<Sheet ID="01-3" Caption="LCTTGT" Active="1" TemplateFolder="InterfaceTemplates\xml\" Folder="DataFiles\" DataFile="pl3_16_BCTC" InterfaceIni="InterfaceIni\16_04_LCTTGT.xml" ReportIni="ReportIni\16_04_LCTTGT.xml"/>
			<Sheet ID="KHBS" Caption="KHBS" Active="0" TemplateFolder="InterfaceTemplates\xml\" Folder="DataFiles\" DataFile="bs_16_BCTC" InterfaceIni="InterfaceIni\KHBS.xml" ReportIni="ReportIni\KHBS.xml"/>
		</Validity>
	</Menu>
	<Menu ID="21" PopID="101" ParentID="101_6" Caption="Bộ báo cáo tài chính (QĐ 99/2000-BTC)" FormName="" Year="1" Month="0" ThreeMonth="0" Day="0" FinanceYear="0" Icon="Images\item.png">
		<Validity StartDate="13/06/2000" InterfaceTemplate="Template/EXCEL/99_BCTC.xls" ReportTemplate="ReportTemplates\excel\99_BCTC.xls" Class="TAX_Business.cls_99_BCTC" Class2="TAX_Business.clsReport099">
			<Sheet ID="01" Caption="CĐKT" Active="1" TemplateFolder="InterfaceTemplates\xml\" Folder="DataFiles\" DataFile="99_BCTC" InterfaceIni="InterfaceIni\99_01_CDKT.xml" ReportIni="ReportIni\99_01_CDKT.xml"/>
			<Sheet ID="01-10" Caption="KQHĐSXKD-I" Active="1" TemplateFolder="InterfaceTemplates\xml\" Folder="DataFiles\" DataFile="pl1_99_BCTC" InterfaceIni="InterfaceIni\99_02_1_SXKD.xml" ReportIni="ReportIni\99_02_1_SXKD.xml"/>
			<Sheet ID="01-11" Caption="KQHĐSXKD-II" Active="1" TemplateFolder="InterfaceTemplates\xml\" Folder="DataFiles\" DataFile="pl2_99_BCTC" InterfaceIni="InterfaceIni\99_02_2_SXKD.xml" ReportIni="ReportIni\99_02_2_SXKD.xml"/>
			<Sheet ID="01-12" Caption="KQHĐSXKD-III" Active="1" TemplateFolder="InterfaceTemplates\xml\" Folder="DataFiles\" DataFile="pl3_99_BCTC" InterfaceIni="InterfaceIni\99_02_3_SXKD.xml" ReportIni="ReportIni\99_02_3_SXKD.xml"/>
			<Sheet ID="01-2" Caption="LCTTTT" Active="1" TemplateFolder="InterfaceTemplates\xml\" Folder="DataFiles\" DataFile="pl4_99_BCTC" InterfaceIni="InterfaceIni\99_03_LCTTTT.xml" ReportIni="ReportIni\99_03_LCTTTT.xml"/>
			<Sheet ID="01-3" Caption="LCTTGT" Active="1" TemplateFolder="InterfaceTemplates\xml\" Folder="DataFiles\" DataFile="pl5_99_BCTC" InterfaceIni="InterfaceIni\99_04_LCTTGT.xml" ReportIni="ReportIni\99_04_LCTTGT.xml"/>
			<Sheet ID="KHBS" Caption="KHBS" Active="0" TemplateFolder="InterfaceTemplates\xml\" Folder="DataFiles\" DataFile="bs_99_BCTC" InterfaceIni="InterfaceIni\KHBS.xml" ReportIni="ReportIni\KHBS.xml"/>
		</Validity>
	</Menu>


	<Menu ID="101_7" PopID="" ParentID="101" Caption="Hóa đơn" FormName="" Year="0" Month="0" ThreeMonth="0" Day="0" FinanceYear="0" Icon="Images\folder.png"/>
	<Menu ID="64" PopID="101" ParentID="101_7" Caption="Thông báo phát hành hóa đơn (TB01/AC)" FormName="" Year="1" Month="0" ThreeMonth="0" Day="0" FinanceYear="0" Icon="Images\item.png">
		<Validity StartDate="01/01/2009" InterfaceTemplate="Template/EXCEL/01_TBAC.xls" ReportTemplate="ReportTemplates\excel\01_TBAC.xls" Class="TAX_Business.cls_01TBAC">
			<Sheet ID="01" Caption="TB01/AC" Active="1" TemplateFolder="InterfaceTemplates\xml\" Folder="DataFiles\" DataFile="01_TBAC" InterfaceIni="InterfaceIni\01_TBAC.xml" ReportIni="ReportIni\01_TBAC.xml"/>
			<Sheet ID="KHBS" Caption="KHBS" Active="0" TemplateFolder="InterfaceTemplates\xml\" Folder="DataFiles\" DataFile="KHBS" InterfaceIni="InterfaceIni\KHBS.xml" ReportIni="ReportIni\KHBS.xml"/>
		</Validity>
	</Menu>

	<Menu ID="65" PopID="101" ParentID="101_7" Caption="Báo cáo tình hình nhận in hóa đơn (BC01/AC)" FormName="" Year="1/2" Month="0" ThreeMonth="1" Day="0" FinanceYear="0"  Icon="Images\item.png">
		<Validity StartDate="01/01/2009" InterfaceTemplate="Template/EXCEL/01_AC.xls" ReportTemplate="ReportTemplates\excel\01_AC.xls" CatalogueID="01" Class="TAX_Business.cls_01AC">
			<Sheet ID="01" Caption="01-AC" Active="1" TemplateFolder="InterfaceTemplates\xml\" Folder="DataFiles\" DataFile="01_AC" InterfaceIni="InterfaceIni\01_AC.xml" ReportIni="ReportIni\01_AC.xml"/>
			<Sheet ID="KHBS" Caption="KHBS" Active="0" TemplateFolder="InterfaceTemplates\xml\" Folder="DataFiles\" DataFile="KHBS" InterfaceIni="InterfaceIni\KHBS.xml" ReportIni="ReportIni\KHBS.xml"/>
		</Validity>
	</Menu>

	<Menu ID="66" PopID="101" ParentID="101_7" Caption="Báo cáo mất,cháy,hỏng hóa đơn (BC21/AC)" FormName="" Year="1" Month="0" ThreeMonth="1" Day="0" FinanceYear="0" Icon="Images\item.png">
		<Validity StartDate="01/01/2010" InterfaceTemplate="Template/EXCEL/BC21_AC.xls" ReportTemplate="ReportTemplates\excel\BC21_AC.xls" Class="TAX_Business.cls_BC21AC">
			<Sheet ID="01" Caption="Tờ khai" Active="1" TemplateFolder="InterfaceTemplates\xml\" Folder="DataFiles\" DataFile="BC21_AC" InterfaceIni="InterfaceIni\BC21_AC.xml" ReportIni="ReportIni\BC21_AC.xml"/>
			<Sheet ID="KHBS" Caption="KHBS" Active="0" TemplateFolder="InterfaceTemplates\xml\" Folder="DataFiles\" DataFile="KHBS" InterfaceIni="InterfaceIni\KHBS.xml" ReportIni="ReportIni\KHBS.xml"/>
		</Validity>
	</Menu>

	<Menu ID="67" PopID="101" ParentID="101_7" Caption="Thông báo kết quả hủy hóa đơn (TB03/AC)" FormName="" Year="1" Month="0" ThreeMonth="1" Day="0" FinanceYear="0" Icon="Images\item.png">
		<Validity StartDate="01/01/2010" InterfaceTemplate="Template/EXCEL/03_TBAC.xls" ReportTemplate="ReportTemplates\excel\03_TBAC.xls" Class="TAX_Business.cls_03TBAC">
			<Sheet ID="01" Caption="TB03/AC" Active="1" TemplateFolder="InterfaceTemplates\xml\" Folder="DataFiles\" DataFile="03_TBAC" InterfaceIni="InterfaceIni\03_TBAC.xml" ReportIni="ReportIni\03_TBAC.xml"/>
			<Sheet ID="KHBS" Caption="KHBS" Active="0" TemplateFolder="InterfaceTemplates\xml\" Folder="DataFiles\" DataFile="KHBS" InterfaceIni="InterfaceIni\KHBS.xml" ReportIni="ReportIni\KHBS.xml"/>
		</Validity>
	</Menu>

	<Menu ID="68" PopID="101" ParentID="101_7" Caption="Báo cáo tình hình sử dụng hóa đơn (BC26/AC)" FormName="" Year="1/2" Month="0" ThreeMonth="1" Day="0" FinanceYear="0" Icon="Images\item.png">
		<Validity StartDate="01/01/2009" InterfaceTemplate="Template/EXCEL/BC26_AC.xls" ReportTemplate="ReportTemplates\excel\BC26_AC.xls" CatalogueID="01" Class="TAX_Business.cls_BC26AC">
			<Sheet ID="01" Caption="BC26-AC" Active="1" TemplateFolder="InterfaceTemplates\xml\" Folder="DataFiles\" DataFile="BC26_AC" InterfaceIni="InterfaceIni\BC26_AC.xml" ReportIni="ReportIni\BC26_AC.xml"/>
			<Sheet ID="01_1" Caption="Mẫu 3.12(Kỳ báo cáo cuối cùng)" Active="0" TemplateFolder="InterfaceTemplates\xml\" Folder="DataFiles\" DataFile="pl1_BC26_AC" InterfaceIni="InterfaceIni\01_1_BC26_AC.xml" ReportIni="ReportIni\01_1_BC26_AC.xml"/>
			<Sheet ID="01_2" Caption="Mẫu 3.10(Chuyển địa điểm)" Active="0" TemplateFolder="InterfaceTemplates\xml\" Folder="DataFiles\" DataFile="pl2_BC26_AC" InterfaceIni="InterfaceIni\01_2_BC26_AC.xml" ReportIni="ReportIni\01_2_BC26_AC.xml"/>
			<Sheet ID="KHBS" Caption="KHBS" Active="0" TemplateFolder="InterfaceTemplates\xml\" Folder="DataFiles\" DataFile="bs_BC26_AC" InterfaceIni="InterfaceIni\KHBS.xml" ReportIni="ReportIni\KHBS.xml"/>
		</Validity>
	</Menu>

	<Menu ID="69" PopID="101" ParentID="101_7" Caption="Báo cáo tình hình sử dụng ấn chỉ (BC08/AC)" FormName="" Year="1/2" Month="0" ThreeMonth="1" Day="0" FinanceYear="0" Icon="Images\item.png">
		<Validity StartDate="01/01/2009" InterfaceTemplate="Template/EXCEL/08_AC.xls" ReportTemplate="ReportTemplates\excel\08_AC.xls" CatalogueID="01" Class="TAX_Business.cls_08_AC">
			<Sheet ID="08_AC" Caption="08_AC" Active="1" TemplateFolder="InterfaceTemplates\xml\" Folder="DataFiles\" DataFile="08_AC" InterfaceIni="InterfaceIni\08_AC.xml" ReportIni="ReportIni\08_AC.xml"/>
		</Validity>
	</Menu>

	<Menu ID="69" PopID="101" ParentID="101_7" Caption="Báo cáo sử dụng chứng từ khấu trừ thuế TNCN tự in" FormName="" Year="1/2" Month="0" ThreeMonth="1" Day="0" FinanceYear="0" Icon="Images\item.png">
		<Validity StartDate="01/01/2009" InterfaceTemplate="Template/EXCEL/BC_TNCN.xls" ReportTemplate="ReportTemplates\excel\BC_TNCN.xls" CatalogueID="01" Class="TAX_Business.cls_BC_TNCN">
			<Sheet ID="BC_TNCN" Caption="BC_TNCN" Active="1" TemplateFolder="InterfaceTemplates\xml\" Folder="DataFiles\" DataFile="BC_TNCN" InterfaceIni="InterfaceIni\BC_TNCN.xml" ReportIni="ReportIni\BC_TNCN.xml"/>
		</Validity>
	</Menu>
  <Menu ID="64" PopID="101" ParentID="101_7" Caption="Thông báo điều chỉnh thông tin tai thông báo phát hành hóa đơn(TB04/AC)" FormName="" Year="1" Month="0" ThreeMonth="0" Day="0" FinanceYear="0" Icon="Images\item.png">
    <Validity StartDate="01/01/2009" InterfaceTemplate="Template/EXCEL/TB04_AC.xls" ReportTemplate="ReportTemplates\excel\TB04_AC.xls" Class="TAX_Business.cls_04AC">
      <Sheet ID="01" Caption="Tờ khai" Active="1" TemplateFolder="InterfaceTemplates\xml\" Folder="DataFiles\" DataFile="TB04_AC" InterfaceIni="InterfaceIni\TB04_AC.xml" ReportIni="ReportIni\TB04_AC.xml"/>
      <!--<Sheet ID="KHBS" Caption="KHBS" Active="0" TemplateFolder="InterfaceTemplates\xml\" Folder="DataFiles\" DataFile="KHBS" InterfaceIni="InterfaceIni\KHBS.xml" ReportIni="ReportIni\KHBS.xml"/>-->
    </Validity>
  </Menu>
	<!-- them menu thue mon bai-->
	<Menu ID="101_12" PopID="" ParentID="101" Caption="Thuế môn bài" FormName="" Year="0" Month="0" ThreeMonth="0" Day="0" FinanceYear="0" Icon="Images\folder.png"/>
	<Menu ID="93" PopID="101" ParentID="101_12" Caption="Tờ khai thuế môn bài (01/MBAI)" FormName="" Year="1" Month="0" ThreeMonth="0" Day="0" FinanceYear="0" Icon="Images\item.png">
		<Validity StartDate="01/01/1900" InterfaceTemplate="Template/EXCEL/01_MBAI.xls" ReportTemplate="ReportTemplates\excel\01_MBAI.xls" CatalogueID="01" Class="TAX_Business.cls_01MBAI">
			<Sheet ID="01" Caption="Tờ khai" Active="1" TemplateFolder="InterfaceTemplates\xml\" Folder="DataFiles\" DataFile="01_MBAI" InterfaceIni="InterfaceIni\01_MBAI.xml" ReportIni="ReportIni\01_MBAI.xml"/>
			<Sheet ID="KHBS" Caption="KHBS" Active="0" TemplateFolder="InterfaceTemplates\xml\" Folder="DataFiles\" DataFile="bs_01_MBAI" InterfaceIni="InterfaceIni\KHBS.xml" ReportIni="ReportIni\KHBS.xml"/>
		</Validity>
	</Menu>
	<!-- het them menu -->
	<Menu ID="101_9" PopID="" ParentID="101" Caption="Phí - Lệ Phí" FormName="" Year="0" Month="0" ThreeMonth="0" Day="0" FinanceYear="0" Icon="Images\folder.png"/>
	<Menu ID="86" PopID="101" ParentID="101_9" Caption="Tờ khai phí bảo vệ môi trường (01/BVMT)" FormName="" Year="1" Month="1" ThreeMonth="0" Day="0" FinanceYear="0" Icon="Images\item.png">
		<Validity StartDate="01/01/1900" InterfaceTemplate="Template/EXCEL/01_BVMT.xls" ReportTemplate="ReportTemplates\excel\01_BVMT.xls"  CatalogueID="01" Class="TAX_Business.cls_01BVMT">
			<Sheet ID="01" Caption="01/BVMT" Active="1" TemplateFolder="InterfaceTemplates\xml\" Folder="DataFiles\" DataFile="01_BVMT" InterfaceIni="InterfaceIni\01_BVMT.xml" ReportIni="ReportIni\01_BVMT.xml"/>
			<Sheet ID="KHBS" Caption="KHBS" Active="0" TemplateFolder="InterfaceTemplates\xml\" Folder="DataFiles\" DataFile="bs_01_BVMT" InterfaceIni="InterfaceIni\KHBS_01_BVMT.xml" ReportIni="ReportIni\KHBS_01_BVMT.xml"/>
		</Validity>
	</Menu>
	<Menu ID="87" PopID="101" ParentID="101_9" Caption="Tờ khai QT phí bảo vệ môi trường (02/BVMT)" FormName="" Year="1" Month="0" ThreeMonth="0" Day="0" FinanceYear="0" Icon="Images\item.png">
		<Validity StartDate="01/01/1900" InterfaceTemplate="Template/EXCEL/02_BVMT.xls" ReportTemplate="ReportTemplates\excel\02_BVMT.xls" CatalogueID="01" Class="TAX_Business.cls_02BVMT">
			<Sheet ID="01" Caption="02/BVMT" Active="1" TemplateFolder="InterfaceTemplates\xml\" Folder="DataFiles\" DataFile="02_BVMT" InterfaceIni="InterfaceIni\02_BVMT.xml" ReportIni="ReportIni\02_BVMT.xml"/>
			<Sheet ID="KHBS" Caption="KHBS" Active="0" TemplateFolder="InterfaceTemplates\xml\" Folder="DataFiles\" DataFile="bs_02_BVMT" InterfaceIni="InterfaceIni\KHBS_02_BVMT.xml" ReportIni="ReportIni\KHBS_02_BVMT.xml"/>
		</Validity>
	</Menu>
	<Menu ID="89" PopID="101" ParentID="101_9" Caption="Tờ khai phí xăng dầu (01/PHXD)" FormName="" Year="1" Month="1" ThreeMonth="0" Day="0" FinanceYear="0" Icon="Images\item.png">
		<Validity StartDate="01/01/1900" InterfaceTemplate="Template/EXCEL/01_PHXD.xls" ReportTemplate="ReportTemplates\excel\01_PHXD.xls" Class="TAX_Business.cls_01PHXD">
			<Sheet ID="01" Caption="01/PHXD" Active="1" TemplateFolder="InterfaceTemplates\xml\" Folder="DataFiles\" DataFile="01_PHXD" InterfaceIni="InterfaceIni\01_PHXD.xml" ReportIni="ReportIni\01_PHXD.xml"/>
			<Sheet ID="KHBS" Caption="KHBS" Active="0" TemplateFolder="InterfaceTemplates\xml\" Folder="DataFiles\" DataFile="bs_01_PHXD" InterfaceIni="InterfaceIni\KHBS_01_PHXD.xml" ReportIni="ReportIni\KHBS_01_PHXD.xml"/>
		</Validity>
	</Menu>
	<Menu ID="91" PopID="101" ParentID="101_9" Caption="Tờ khai phí lệ phí (01/PHLP)" FormName="" Year="1" Month="1" ThreeMonth="0" Day="0" FinanceYear="0" Icon="Images\item.png">
		<Validity StartDate="01/01/1900" InterfaceTemplate="Template/EXCEL/01_PHLP.xls" ReportTemplate="ReportTemplates\excel\01_PHLP.xls" Class="TAX_Business.cls_01PHLP">
			<Sheet ID="01" Caption="01/PHLP" Active="1" TemplateFolder="InterfaceTemplates\xml\" Folder="DataFiles\" DataFile="01_PHLP" InterfaceIni="InterfaceIni\01_PHLP.xml" ReportIni="ReportIni\01_PHLP.xml"/>
			<Sheet ID="KHBS" Caption="KHBS" Active="0" TemplateFolder="InterfaceTemplates\xml\" Folder="DataFiles\" DataFile="bs_01_PHLP" InterfaceIni="InterfaceIni\KHBS_01_PHLP.xml" ReportIni="ReportIni\KHBS_01_PHLP.xml"/>
		</Validity>
	</Menu>
	<Menu ID="92" PopID="101" ParentID="101_9" Caption="Tờ khai phí lệ phí (02/PHLP)" FormName="" Year="1" Month="1" ThreeMonth="0" Day="0" FinanceYear="0" Icon="Images\item.png">
		<Validity StartDate="02/02/1900" InterfaceTemplate="Template/EXCEL/02_PHLP.xls" ReportTemplate="ReportTemplates\excel\02_PHLP.xls" Class="TAX_Business.cls_02PHLP">
			<Sheet ID="02" Caption="02/PHLP" Active="1" TemplateFolder="InterfaceTemplates\xml\" Folder="DataFiles\" DataFile="02_PHLP" InterfaceIni="InterfaceIni\02_PHLP.xml" ReportIni="ReportIni\02_PHLP.xml"/>
			<Sheet ID="KHBS" Caption="KHBS" Active="0" TemplateFolder="InterfaceTemplates\xml\" Folder="DataFiles\" DataFile="bs_02_PHLP" InterfaceIni="InterfaceIni\KHBS_02_PHLP.xml" ReportIni="ReportIni\KHBS_02_PHLP.xml"/>
		</Validity>
	</Menu>

	<Menu ID="300" PopID="" ParentID="" Caption="Ký và nộp tờ khai" FormName="" Year=" " Month="" ThreeMonth="" Day="" FinanceYear="" Icon="Images\tools.png"/>
	<Menu ID="301" PopID="1" ParentID="300" Caption="Ký và nộp tờ khai chính" FormName="signAndSend" Year="0" Month="0" ThreeMonth="0" Day="0" FinanceYear="0" Icon="Images\item.png"/>
  <Menu ID="306" PopID="1" ParentID="300" Caption="Ký và nộp tờ khai quyết toán TNCN" FormName="signAndSendQTTNCN" Year="0" Month="0" ThreeMonth="0" Day="0" FinanceYear="0" Icon="Images\item.png"/>
	<Menu ID="307" PopID="1" ParentID="300" Caption="Ký và nộp tờ Báo cáo ấn chỉ" FormName="signAndSendBaoCaoAnChi" Year="0" Month="0" ThreeMonth="0" Day="0" FinanceYear="0" Icon="Images\item.png"/>
  <Menu ID="302" PopID="1" ParentID="300" Caption="Ký và nộp phụ lục" FormName="LookUpTax" Year="0" Month="0" ThreeMonth="0" Day="0" FinanceYear="0" Icon="Images\item.png"/>
	<Menu ID="303" PopID="1" ParentID="300" Caption="Tra cứu tờ khai thuế đã gửi" FormName="LookUpTax" Year="0" Month="0" ThreeMonth="0" Day="0" FinanceYear="0" Icon="Images\item.png"/>
	<Menu ID="304" PopID="1" ParentID="300" Caption="Tra cứu thông báo từ cơ quan thuế" FormName="LookUpNoticeTax" Year="0" Month="0" ThreeMonth="0" Day="0" FinanceYear="0" Icon="Images\item.png"/>
	<Menu ID="305" PopID="1" ParentID="300" Caption="Tra cứu tờ khai đã đăng kí nộp T-VAN" FormName="LookUpRegisteredTax" Year="0" Month="0" ThreeMonth="0" Day="0" FinanceYear="0" Icon="Images\item.png"/>

	<Menu ID="103" PopID="" ParentID="" Caption="Công cụ" FormName="" Year=" " Month="" ThreeMonth="" Day="" FinanceYear="" Icon="Images\tools.png"/>
	<!--<Menu ID="104" PopID="1" ParentID="103" Caption="Ký điện tử tờ khai" FormName="TKSigner" Year="0" Month="0" ThreeMonth="0" Day="0" FinanceYear="0" Icon="Images\item.png"/>-->
	<Menu ID="100_7" PopID="1" ParentID="103" Caption="Đăng ký danh mục" FormName="frmDanhmuc" Year="0" Month="0" ThreeMonth="0" Day="0" FinanceYear="0" Icon="Images\item.png">
		<Validity StartDate="01/01/1900" InterfaceTemplate="InterfaceTemplates\excel\Catalogue.xls" ReportTemplate="" Class="TAX_Business.clsCatalogue_new" Class2="">
			<Sheet ID="01" Caption="Biểu thuế tài nguyên" Active="1" TemplateFolder="InterfaceTemplates\xml\" Folder="DataFiles\" DataFile="Catalogue_011900_01" InterfaceIni="InterfaceIni\Catalogue_011900_01.xml"/>
			<Sheet ID="02" Caption="Biểu thuế tiêu thụ đặc biệt" Active="1" TemplateFolder="InterfaceTemplates\xml\" Folder="DataFiles\" DataFile="Catalogue_011900_02" InterfaceIni="InterfaceIni\Catalogue_011900_02.xml"/>
		</Validity>
		<Validity StartDate="01/01/2007" InterfaceTemplate="InterfaceTemplates\excel\Catalogue_012007.xls" ReportTemplate="" Class="TAX_Business.clsCatalogue_1_new" Class2="">
			<Sheet ID="01" Caption="Biểu thuế tài nguyên" Active="1" TemplateFolder="InterfaceTemplates\xml\" Folder="DataFiles\" DataFile="Catalogue_012007_01" InterfaceIni="InterfaceIni\Catalogue_012007_01.xml"/>
			<Sheet ID="02" Caption="Biểu thuế tiêu thụ đặc biệt" Active="1" TemplateFolder="InterfaceTemplates\xml\" Folder="DataFiles\" DataFile="Catalogue_012007_02" InterfaceIni="InterfaceIni\Catalogue_012007_02.xml"/>
		</Validity>
		<Validity StartDate="01/01/2008" InterfaceTemplate="InterfaceTemplates\excel\Catalogue_012008.xls" ReportTemplate="" Class="TAX_Business.clsCatalogue_2_new" Class2="">
			<Sheet ID="01" Caption="Biểu thuế tài nguyên" Active="1" TemplateFolder="InterfaceTemplates\xml\" Folder="DataFiles\" DataFile="Catalogue_012008_01" InterfaceIni="InterfaceIni\Catalogue_012008_01.xml"/>
			<Sheet ID="02" Caption="Biểu thuế tiêu thụ đặc biệt" Active="1" TemplateFolder="InterfaceTemplates\xml\" Folder="DataFiles\" DataFile="Catalogue_012008_02" InterfaceIni="InterfaceIni\Catalogue_012008_02.xml"/>
		</Validity>
		<Validity StartDate="01/05/2008" InterfaceTemplate="InterfaceTemplates\excel\Catalogue_052008.xls" ReportTemplate="" Class="TAX_Business.clsCatalogue_2_new" Class2="">
			<Sheet ID="01" Caption="Biểu thuế tài nguyên" Active="1" TemplateFolder="InterfaceTemplates\xml\" Folder="DataFiles\" DataFile="Catalogue_052008_01" InterfaceIni="InterfaceIni\Catalogue_052008_01.xml"/>
			<Sheet ID="02" Caption="Biểu thuế tiêu thụ đặc biệt" Active="1" TemplateFolder="InterfaceTemplates\xml\" Folder="DataFiles\" DataFile="Catalogue_052008_02" InterfaceIni="InterfaceIni\Catalogue_052008_02.xml"/>
		</Validity>
		<Validity StartDate="01/01/2009" InterfaceTemplate="InterfaceTemplates\excel\Catalogue_012009.xls" ReportTemplate="" Class="TAX_Business.clsCatalogue_2_new" Class2="">
			<Sheet ID="01" Caption="Biểu thuế tài nguyên" Active="1" TemplateFolder="InterfaceTemplates\xml\" Folder="DataFiles\" DataFile="Catalogue_012009_01" InterfaceIni="InterfaceIni\Catalogue_012009_01.xml"/>
			<Sheet ID="02" Caption="Biểu thuế tiêu thụ đặc biệt" Active="1" TemplateFolder="InterfaceTemplates\xml\" Folder="DataFiles\" DataFile="Catalogue_012009_02" InterfaceIni="InterfaceIni\Catalogue_012009_02.xml"/>
		</Validity>
		<Validity StartDate="01/07/2009" InterfaceTemplate="InterfaceTemplates\excel\Catalogue_072009.xls" ReportTemplate="" Class="TAX_Business.clsCatalogue_2_new" Class2="">
			<Sheet ID="01" Caption="Biểu thuế tài nguyên" Active="1" TemplateFolder="InterfaceTemplates\xml\" Folder="DataFiles\" DataFile="Catalogue_072009_01" InterfaceIni="InterfaceIni\Catalogue_072009_01.xml"/>
			<Sheet ID="02" Caption="Biểu thuế tiêu thụ đặc biệt" Active="1" TemplateFolder="InterfaceTemplates\xml\" Folder="DataFiles\" DataFile="Catalogue_072009_02" InterfaceIni="InterfaceIni\Catalogue_072009_02.xml"/>
		</Validity>
		<Validity StartDate="01/01/2010" InterfaceTemplate="InterfaceTemplates\excel\Catalogue_012010.xls" ReportTemplate="" Class="TAX_Business.clsCatalogue_2_new" Class2="">
			<Sheet ID="01" Caption="Biểu thuế tài nguyên" Active="1" TemplateFolder="InterfaceTemplates\xml\" Folder="DataFiles\" DataFile="Catalogue_012010_01" InterfaceIni="InterfaceIni\Catalogue_012010_01.xml"/>
			<Sheet ID="02" Caption="Biểu thuế tiêu thụ đặc biệt" Active="1" TemplateFolder="InterfaceTemplates\xml\" Folder="DataFiles\" DataFile="Catalogue_012010_02" InterfaceIni="InterfaceIni\Catalogue_012010_02.xml"/>
		</Validity>
		<Validity StartDate="01/04/2010" InterfaceTemplate="InterfaceTemplates\excel\Catalogue_042010.xls" ReportTemplate="" Class="TAX_Business.clsCatalogue_2_new" Class2="">
			<Sheet ID="01" Caption="Biểu thuế tài nguyên" Active="1" TemplateFolder="InterfaceTemplates\xml\" Folder="DataFiles\" DataFile="Catalogue_042010_01" InterfaceIni="InterfaceIni\Catalogue_042010_01.xml"/>
			<Sheet ID="02" Caption="Biểu thuế tiêu thụ đặc biệt" Active="1" TemplateFolder="InterfaceTemplates\xml\" Folder="DataFiles\" DataFile="Catalogue_042010_02" InterfaceIni="InterfaceIni\Catalogue_042010_02.xml"/>
		</Validity>
		<Validity StartDate="01/07/2010" InterfaceTemplate="Template/EXCEL/danhmuc.xls" ReportTemplate="" Class="TAX_Business.clsCatalogue_2_new" Class2="">
			<Sheet ID="1" Caption="Biểu thuế tài nguyên" Active="1" TemplateFolder="Template\xml\" Folder="DataFiles\" DataFile="Catalogue_072010_01" InterfaceIni="InterfaceIni\Catalogue_072010_01.xml"/>
			<Sheet ID="2" Caption="Biểu thuế tiêu thụ đặc biệt" Active="1" TemplateFolder="Template\xml\" Folder="DataFiles\" DataFile="Catalogue_072010_02" InterfaceIni="InterfaceIni\Catalogue_072010_02.xml"/>
		</Validity>
	</Menu>
	<Menu ID="100_8" PopID="1" ParentID="103" Caption="Tra cứu tờ khai tạo trên máy" FormName="TKFinder" Year="0" Month="0" ThreeMonth="0" Day="0" FinanceYear="0" Icon="Images\item.png"/>
	<Menu ID="100_9_NotConfig" PopID="1" ParentID="103" Caption="Nhập dữ liệu từ HTKK sang VNPT-TAX" FormName="TKImportHTKK" Year="0" Month="0" ThreeMonth="0" Day="0" FinanceYear="0" Icon="Images\item.png"/>
	<Menu ID="100_2" PopID="1" ParentID="103" Caption="Sao lưu dữ liệu" FormName="zipData" Year="0" Month="0" ThreeMonth="0" Day="0" FinanceYear="0" Icon="Images\item.png"/>
	<Menu ID="100_3" PopID="1" ParentID="103" Caption="Phục hồi dữ liệu" FormName="unZipData" Year="0" Month="0" ThreeMonth="0" Day="0" FinanceYear="0" Icon="Images\item.png"/>
	<Menu ID="102" PopID="" ParentID="" Caption="Trợ giúp" FormName="" Year="0" Month="0" ThreeMonth="0" Day="0" FinanceYear="0" Icon="Images\folder.png"/>
	<Menu ID="102_2" PopID="1" ParentID="102" Caption="Nội dung hướng dẫn" FormName="TVAN.Frm.OpenHelp" Year="0" Month="0" ThreeMonth="0" Day="0" FinanceYear="0" Icon="Images\item.png"/>
	<Menu ID="102_3" PopID="1" ParentID="102" Caption="Bảng kê bán ra 01_1/GTGT" FormName="TVAN.Frm.OpenBangKe01_1" Year="0" Month="0" ThreeMonth="0" Day="0" FinanceYear="0" Icon="Images\item.png"/>
	<Menu ID="102_4" PopID="1" ParentID="102" Caption="Bảng kê mua vào 01_2/GTGT" FormName="TVAN.Frm.OpenBangKe01_2" Year="0" Month="0" ThreeMonth="0" Day="0" FinanceYear="0" Icon="Images\item.png"/>
	<Menu ID="102_5" PopID="1" ParentID="102" Caption="Bảng kê bán ra 01_1/TTĐB" FormName="TVAN.Frm.OpenBangKe01_1TTDB" Year="0" Month="0" ThreeMonth="0" Day="0" FinanceYear="0" Icon="Images\item.png"/>
	<Menu ID="102_6" PopID="1" ParentID="102" Caption="Bảng kê mua vào 01_2/TTĐB" FormName="TVAN.Frm.OpenBangKe01_2TTDB" Year="0" Month="0" ThreeMonth="0" Day="0" FinanceYear="0" Icon="Images\item.png"/>
	<Menu ID="102_7" PopID="1" ParentID="102" Caption="Thông tin sản phẩm" FormName="frmAbout" Year="0" Month="0" ThreeMonth="0" Day="0" FinanceYear="0" Icon="Images\item.png"/>
</Root>
