﻿<Sections Version="130">
	<Section Dynamic="0" MaxRows="0">
		<Items>
			<Item Value ="1###10100###101###HAN - Cục Thuế Thành phố Hà Nội"/>
			<Item Value ="0###10100###101###Cục Thuế Thành phố Hà Nội"/>
			<Item Value ="0###10101###101###Chi cục Thuế Quận Ba Đình"/>
			<Item Value ="0###10103###101###Chi cục Thuế Quận Tây Hồ"/>
			<Item Value ="0###10105###101###Chi cục Thuế Quận Hoàn Kiếm"/>
			<Item Value ="0###10106###101###Chi cục thuế Quận Long Biên"/>
			<Item Value ="0###10107###101###Chi cục Thuế Quận Hai Bà Trưng"/>
			<Item Value ="0###10108###101###Chi cục thuế Quận Hoàng Mai"/>
			<Item Value ="0###10109###101###Chi cục Thuế Quận Đống đa"/>
			<Item Value ="0###10111###101###Chi cục Thuế Quận Thanh Xuân"/>
			<Item Value ="0###10113###101###Chi cục Thuế Quận Cầu Giấy"/>
			<Item Value ="0###10115###101###Chi cục Thuế Huyện Sóc sơn"/>
			<Item Value ="0###10117###101###Chi cục Thuế Huyện Đông Anh"/>
			<Item Value ="0###10119###101###Chi cục Thuế Huyện Gia Lâm"/>
			<Item Value ="0###10121###101###Chi cục Thuế Huyện Từ Liêm"/>
			<Item Value ="0###10123###101###Chi cục Thuế Huyện Thanh Trì"/>
			<Item Value ="0###10125###101###Chi cục Thuế Huyện Mê Linh"/>
			<Item Value ="0###10127###101###Chi cục Thuế Quận Hà Đông"/>
			<Item Value ="0###10129###101###Chi cục Thuế Thị xã Sơn Tây"/>
			<Item Value ="0###10131###101###Chi cục Thuế Huyện Phúc Thọ"/>
			<Item Value ="0###10133###101###Chi cục Thuế Huyện Đan Phượng"/>
			<Item Value ="0###10135###101###Chi cục Thuế Huyện Thạch Thất"/>
			<Item Value ="0###10137###101###Chi cục Thuế Huyện Hoài Đức"/>
			<Item Value ="0###10139###101###Chi cục Thuế Huyện Quốc Oai"/>
			<Item Value ="0###10141###101###Chi cục Thuế Huyện Thanh Oai"/>
			<Item Value ="0###10143###101###Chi cục Thuế Huyện Thường Tín"/>
			<Item Value ="0###10145###101###Chi cục Thuế Huyện Mỹ Đức"/>
			<Item Value ="0###10147###101###Chi cục Thuế Huyện ứng Hoà"/>
			<Item Value ="0###10149###101###Chi cục Thuế Huyện Phú Xuyên"/>
			<Item Value ="0###10151###101###Chi cục Thuế Huyện Ba Vì"/>
			<Item Value ="0###10153###101###Chi cục Thuế Huyện Chương Mỹ"/>
			<Item Value ="1###10300###103###HPH - Cục Thuế TP Hải Phòng"/>
			<Item Value ="0###10300###103###Cục Thuế TP Hải Phòng"/>
			<Item Value ="0###10301###103###Chi cục Thuế Quận Hồng Bàng"/>
			<Item Value ="0###10303###103###Chi cục Thuế Quận Ngô Quyền"/>
			<Item Value ="0###10304###103###Chi cục Thuế Quận Hải An"/>
			<Item Value ="0###10305###103###Chi cục Thuế Quận Lê Chân"/>
			<Item Value ="0###10307###103###Chi cục Thuế Quận Kiến An"/>
			<Item Value ="0###10309###103###Chi cục Thuế Quận Đồ Sơn"/>
			<Item Value ="0###10311###103###Chi cục Thuế Huyện Thuỷ Nguyên"/>
			<Item Value ="0###10313###103###Chi cục Thuế Huyện An Dương"/>
			<Item Value ="0###10315###103###Chi cục Thuế Huyện An Lão"/>
			<Item Value ="0###10317###103###Chi cục Thuế Huyện Kiến Thuỵ"/>
			<Item Value ="0###10319###103###Chi cục Thuế Huyện Tiên Lãng"/>
			<Item Value ="0###10321###103###Chi cục Thuế Huyện Vĩnh Bảo"/>
			<Item Value ="0###10323###103###Chi cục Thuế Huyện Cát Hải"/>
			<Item Value ="0###10325###103###Chi cục Thuế Huyện Bạch Long Vĩ"/>
			<Item Value ="0###10327###103###Chi cục Thuế Quận Dương Kinh"/>
			<Item Value ="1###10700###107###HDU - Cục Thuế Tỉnh Hải Dương"/>
			<Item Value ="0###10700###107###Cục Thuế Tỉnh Hải Dương"/>
			<Item Value ="0###10701###107###Chi cục Thuế Thành phố Hải Dương"/>
			<Item Value ="0###10703###107###Chi cục Thuế Thị xã Chí Linh"/>
			<Item Value ="0###10705###107###Chi cục Thuế Huyện Nam Sách"/>
			<Item Value ="0###10707###107###Chi cục Thuế Huyện Thanh Hà"/>
			<Item Value ="0###10709###107###Chi cục Thuế Huyện Kinh Môn"/>
			<Item Value ="0###10711###107###Chi cục Thuế Huyện Kim Thành"/>
			<Item Value ="0###10713###107###Chi cục Thuế Huyện Gia Lộc"/>
			<Item Value ="0###10715###107###Chi cục Thuế Huyện Tứ Kỳ"/>
			<Item Value ="0###10717###107###Chi cục Thuế Huyện Cẩm Giàng"/>
			<Item Value ="0###10719###107###Chi cục Thuế Huyện Bình Giang"/>
			<Item Value ="0###10721###107###Chi cục Thuế Huyện Thanh Miện"/>
			<Item Value ="0###10723###107###Chi cục Thuế Huyện Ninh Giang"/>
			<Item Value ="1###10900###109###HYE - Cục Thuế Tỉnh Hưng Yên"/>
			<Item Value ="0###10900###109###Cục Thuế Tỉnh Hưng Yên"/>
			<Item Value ="0###10901###109###Chi cục Thuế Thành phố Hưng yên"/>
			<Item Value ="0###10903###109###Chi cục Thuế Huyện Mỹ Hào"/>
			<Item Value ="0###10905###109###Chi cục Thuế Huyện Khoái Châu"/>
			<Item Value ="0###10907###109###Chi cục Thuế Huyện Ân Thi"/>
			<Item Value ="0###10909###109###Chi cục Thuế Huyện Kim Động"/>
			<Item Value ="0###10911###109###Chi cục Thuế Huyện Phù Cừ"/>
			<Item Value ="0###10913###109###Chi cục Thuế Huyện Tiên Lữ"/>
			<Item Value ="0###10915###109###Chi cục Thuế Huyện Văn Giang"/>
			<Item Value ="0###10917###109###Chi cục Thuế Huyện Văn Lâm"/>
			<Item Value ="0###10919###109###Chi cục Thuế Huyện Yên Mỹ"/>
			<Item Value ="1###11100###111###HNA - Cục Thuế Tỉnh Hà Nam"/>
			<Item Value ="0###11100###111###Cục Thuế Tỉnh Hà Nam"/>
			<Item Value ="0###11101###111###Chi cục Thuế Thành phố Phủ Lý"/>
			<Item Value ="0###11103###111###Chi cục Thuế Huyện Duy Tiên"/>
			<Item Value ="0###11105###111###Chi cục Thuế Huyện Kim Bảng"/>
			<Item Value ="0###11107###111###Chi cục Thuế Huyện Lý Nhân"/>
			<Item Value ="0###11109###111###Chi cục Thuế Huyện Thanh Liêm"/>
			<Item Value ="0###11111###111###Chi cục Thuế Huyện Bình Lục"/>
			<Item Value ="1###11300###113###NDI - Cục Thuế Tỉnh Nam Định"/>
			<Item Value ="0###11300###113###Cục Thuế Tỉnh Nam Định"/>
			<Item Value ="0###11301###113###Chi cục Thuế Thành phố Nam Đinh"/>
			<Item Value ="0###11303###113###Chi cục Thuế Huyện Vụ Bản"/>
			<Item Value ="0###11305###113###Chi cục Thuế Huyện Mỹ Lộc"/>
			<Item Value ="0###11307###113###Chi cục Thuế Huyện ý Yên"/>
			<Item Value ="0###11309###113###Chi cục Thuế Huyện Nam Trực"/>
			<Item Value ="0###11311###113###Chi cục Thuế Huyện Trực Ninh"/>
			<Item Value ="0###11313###113###Chi cục Thuế Huyện Xuân Trường"/>
			<Item Value ="0###11315###113###Chi cục Thuế Huyện Giao Thuỷ"/>
			<Item Value ="0###11317###113###Chi cục Thuế Huyện Nghĩa Hưng"/>
			<Item Value ="0###11319###113###Chi cục Thuế Huyện Hải Hậu"/>
			<Item Value ="1###11500###115###TBI - Cục Thuế Tỉnh Thái Bình"/>
			<Item Value ="0###11500###115###Cục Thuế Tỉnh Thái Bình"/>
			<Item Value ="0###11501###115###Chi cục Thuế Thành phố Thái Bình"/>
			<Item Value ="0###11503###115###Chi cục Thuế Huyện Quỳnh Phụ"/>
			<Item Value ="0###11505###115###Chi cục Thuế Huyện Hưng Hà"/>
			<Item Value ="0###11507###115###Chi cục Thuế Huyện Thái Thuỵ"/>
			<Item Value ="0###11509###115###Chi cục Thuế Huyện Đông Hưng"/>
			<Item Value ="0###11511###115###Chi cục Thuế Huyện Vũ Thư"/>
			<Item Value ="0###11513###115###Chi cục Thuế Huyện Kiến Xương"/>
			<Item Value ="0###11515###115###Chi cục Thuế Huyện Tiền hải"/>
			<Item Value ="1###11700###117###NBI - Cục Thuế Tỉnh Ninh Bình"/>
			<Item Value ="0###11700###117###Cục Thuế Tỉnh Ninh Bình"/>
			<Item Value ="0###11701###117###Chi cục Thuế Thành phố Ninh Bình"/>
			<Item Value ="0###11703###117###Chi cục Thuế Thị xã Tam Điệp"/>
			<Item Value ="0###11705###117###Chi cục Thuế Huyện Nho quan"/>
			<Item Value ="0###11707###117###Chi cục Thuế Huyện Gia Viễn"/>
			<Item Value ="0###11709###117###Chi cục Thuế Huyện Hoa Lư"/>
			<Item Value ="0###11711###117###Chi cục Thuế Huyện Yên Mô"/>
			<Item Value ="0###11713###117###Chi cục Thuế Huyện Yên Khánh"/>
			<Item Value ="0###11715###117###Chi cục Thuế Huyện Kim Sơn"/>
			<Item Value ="1###20100###201###HGI - Cục Thuế Tỉnh Hà Giang"/>
			<Item Value ="0###20100###201###Cục Thuế Tỉnh Hà Giang"/>
			<Item Value ="0###20101###201###Chi cục Thuế Thị xã Hà Giang"/>
			<Item Value ="0###20103###201###Chi cục Thuế Huyện Đồng Văn"/>
			<Item Value ="0###20105###201###Chi cục Thuế Huyện Mèo Vạc"/>
			<Item Value ="0###20107###201###Chi cục Thuế Huyện Yên Minh"/>
			<Item Value ="0###20109###201###Chi cục Thuế Huyện Quản Bạ"/>
			<Item Value ="0###20111###201###Chi cục Thuế Huyện Bắc Mê"/>
			<Item Value ="0###20113###201###Chi cục Thuế Huyện Hoàng Su Phì"/>
			<Item Value ="0###20115###201###Chi cục Thuế Huyện Vị Xuyên"/>
			<Item Value ="0###20117###201###Chi cục Thuế Huyện Xín Mần"/>
			<Item Value ="0###20118###201###Chi cục thuế Huyện Quang Bình"/>
			<Item Value ="0###20119###201###Chi cục Thuế Huyện Bắc Quang"/>
			<Item Value ="1###20300###203###CBA - Cục Thuế Tỉnh Cao Bằng"/>
			<Item Value ="0###20300###203###Cục Thuế Tỉnh Cao Bằng"/>
			<Item Value ="0###20301###203###Chi cục Thuế Thị xã Cao Bằng"/>
			<Item Value ="0###20303###203###Chi cục Thuế Huyện Bảo Lạc"/>
			<Item Value ="0###20305###203###Chi cục Thuế Huyện Hà Quảng"/>
			<Item Value ="0###20307###203###Chi cục Thuế Huyện Thông Nông"/>
			<Item Value ="0###20309###203###Chi cục Thuế Huyện Trà Lĩnh"/>
			<Item Value ="0###20311###203###Chi cục Thuế Huyện Trùng Khánh"/>
			<Item Value ="0###20313###203###Chi cục Thuế Huyện Nguyên Bình"/>
			<Item Value ="0###20315###203###Chi cục Thuế Huyện Hoà An"/>
			<Item Value ="0###20317###203###Chi cục Thuế Huyện Quảng Uyên"/>
			<Item Value ="0###20318###203###Chi cục thuế Huyện Phục Hoà"/>
			<Item Value ="0###20319###203###Chi cục Thuế Huyện Hạ Lang"/>
			<Item Value ="0###20321###203###Chi cục Thuế Huyện Thạch An"/>
			<Item Value ="0###20323###203###Chi cục Thuế  Huyện Bảo Lâm"/>
			<Item Value ="1###20500###205###LCA - Cục Thuế Tỉnh Lào Cai"/>
			<Item Value ="0###20500###205###Cục Thuế Tỉnh Lào Cai"/>
			<Item Value ="0###20501###205###Chi cục Thuế Thành phố Lào Cai"/>
			<Item Value ="0###20505###205###Chi cục Thuế Huyện Mường Khương"/>
			<Item Value ="0###20507###205###Chi cục Thuế Huyện Bát Xát"/>
			<Item Value ="0###20509###205###Chi cục Thuế Huyện Bắc Hà"/>
			<Item Value ="0###20511###205###Chi cục Thuế Huyện Bảo Thắng"/>
			<Item Value ="0###20513###205###Chi cục Thuế Huyện Sa Pa"/>
			<Item Value ="0###20515###205###Chi cục Thuế Huyện Bảo Yên"/>
			<Item Value ="0###20519###205###Chi cục Thuế Huyện Văn Bàn"/>
			<Item Value ="0###20521###205###Chi cục Thuế Huyện Si Ma Cai"/>
			<Item Value ="1###20700###207###BCA - Cục Thuế Tỉnh Bắc Cạn"/>
			<Item Value ="0###20700###207###Cục Thuế Tỉnh Bắc Cạn"/>
			<Item Value ="0###20701###207###Chi cục Thuế Thị xã Bắc Cạn"/>
			<Item Value ="0###20703###207###Chi cục Thuế Huyện Ba Bể"/>
			<Item Value ="0###20704###207###Chi cục Thuế Huyện Pác Nặm"/>
			<Item Value ="0###20705###207###Chi cục Thuế Huyện Ngân Sơn"/>
			<Item Value ="0###20707###207###Chi cục Thuế Huyện Chợ Đồn"/>
			<Item Value ="0###20709###207###Chi cục Thuế Huyện Na Rì"/>
			<Item Value ="0###20711###207###Chi cục Thuế Huyện Bạch Thông"/>
			<Item Value ="0###20713###207###Chi cục Thuế Huyện Chợ mới"/>
			<Item Value ="1###20900###209###LSO - Cục Thuế Tỉnh Lạng Sơn"/>
			<Item Value ="0###20900###209###Cục Thuế Tỉnh Lạng Sơn"/>
			<Item Value ="0###20901###209###Chi cục Thuế Thành phố Lạng Sơn"/>
			<Item Value ="0###20903###209###Chi cục Thuế Huyện Tràng Định"/>
			<Item Value ="0###20905###209###Chi cục Thuế Huyện Văn Lãng"/>
			<Item Value ="0###20907###209###Chi cục Thuế Huyện Bình Gia"/>
			<Item Value ="0###20909###209###Chi cục Thuế Huyện Bắc Sơn"/>
			<Item Value ="0###20911###209###Chi cục Thuế Huyện Văn Quan"/>
			<Item Value ="0###20913###209###Chi cục Thuế Huyện Cao Lộc"/>
			<Item Value ="0###20915###209###Chi cục Thuế Huyện Lộc Bình"/>
			<Item Value ="0###20917###209###Chi cục Thuế Huyện Chi Lăng"/>
			<Item Value ="0###20919###209###Chi cục Thuế Huyện Đình Lập"/>
			<Item Value ="0###20921###209###Chi cục Thuế Huyện Hữu Lũng"/>
			<Item Value ="1###21100###211###TQU - Cục Thuế Tỉnh Tuyên Quang"/>
			<Item Value ="0###21100###211###Cục Thuế Tỉnh Tuyên Quang"/>
			<Item Value ="0###21101###211###Chi cục Thuế Thành phố Tuyên Quang"/>
			<Item Value ="0###21103###211###Chi cục Thuế Huyện Nà Hang"/>
			<Item Value ="0###21105###211###Chi cục Thuế Huyện Chiêm Hoá"/>
			<Item Value ="0###21107###211###Chi cục Thuế Huyện Hàm Yên"/>
			<Item Value ="0###21109###211###Chi cục Thuế Huyện Yên Sơn"/>
			<Item Value ="0###21111###211###Chi cục Thuế Huyện Sơn Dương"/>
			<Item Value ="0###21113###211###Chi Cục Thuế huyện Lâm Bình"/>
			<Item Value ="1###21300###213###YBA - Cục Thuế Tỉnh Yên Bái"/>
			<Item Value ="0###21300###213###Cục Thuế Tỉnh Yên Bái"/>
			<Item Value ="0###21301###213###Chi cục Thuế TP Yên Bái"/>
			<Item Value ="0###21303###213###Chi cục Thuế Thị xã Nghĩa Lộ"/>
			<Item Value ="0###21305###213###Chi cục Thuế Huyện Lục Yên"/>
			<Item Value ="0###21307###213###Chi cục Thuế Huyện Văn Yên"/>
			<Item Value ="0###21309###213###Chi cục Thuế Huyện Mù Cang Chải"/>
			<Item Value ="0###21311###213###Chi cục Thuế Huyện Trấn Yên"/>
			<Item Value ="0###21313###213###Chi cục Thuế Huyện Yên Bình"/>
			<Item Value ="0###21315###213###Chi cục Thuế Huyện Văn Chấn"/>
			<Item Value ="0###21317###213###Chi cục Thuế Huyện Trạm Tấu"/>
			<Item Value ="1###21500###215###TNG - Cục Thuế Tỉnh Thái Nguyên"/>
			<Item Value ="0###21500###215###Cục Thuế Tỉnh Thái Nguyên"/>
			<Item Value ="0###21501###215###Chi cục Thuế Thành phố Thái Nguyên"/>
			<Item Value ="0###21503###215###Chi cục Thuế Thị xã Sông Công"/>
			<Item Value ="0###21505###215###Chi cục Thuế Huyện Định Hoá"/>
			<Item Value ="0###21507###215###Chi cục Thuế Huyện Võ Nhai"/>
			<Item Value ="0###21509###215###Chi cục Thuế Huyện Phú Lương"/>
			<Item Value ="0###21511###215###Chi cục Thuế Huyện Đồng Hỷ"/>
			<Item Value ="0###21513###215###Chi cục Thuế Huyện Đại Từ"/>
			<Item Value ="0###21515###215###Chi cục Thuế Huyện Phú Bình"/>
			<Item Value ="0###21517###215###Chi cục Thuế Huyện Phổ Yên"/>
			<Item Value ="1###21700###217###PTH - Cục Thuế Tỉnh Phú Thọ"/>
			<Item Value ="0###21700###217###Cục Thuế Tỉnh Phú Thọ"/>
			<Item Value ="0###21701###217###Chi cục Thuế Thành phố Việt Trì"/>
			<Item Value ="0###21703###217###Chi cục Thuế Thị xã Phú Thọ"/>
			<Item Value ="0###21705###217###Chi cục Thuế Huyện Đoan Hùng"/>
			<Item Value ="0###21707###217###Chi cục Thuế Huyện Hạ Hoà"/>
			<Item Value ="0###21709###217###Chi cục Thuế Huyện Thanh Ba"/>
			<Item Value ="0###21711###217###Chi cục Thuế Huyện Phù Ninh                        "/>
			<Item Value ="0###21713###217###Chi cục Thuế Huyện Cẩm Khê"/>
			<Item Value ="0###21715###217###Chi cục Thuế Huyện Yên Lập"/>
			<Item Value ="0###21717###217###Chi cục Thuế Huyện Tam Nông"/>
			<Item Value ="0###21719###217###Chi cục Thuế Huyện Thanh Sơn"/>
			<Item Value ="0###21720###217###Chi cục Thuế Huyện Tân Sơn"/>
			<Item Value ="0###21721###217###Chi cục Thuế Huyện Lâm Thao"/>
			<Item Value ="0###21723###217###Chi cục Thuế Huyện Thanh Thuỷ"/>
			<Item Value ="1###21900###219###VPH - Cục Thuế Tỉnh Vĩnh Phúc"/>
			<Item Value ="0###21900###219###Cục Thuế Tỉnh Vĩnh Phúc"/>
			<Item Value ="0###21901###219###Chi cục Thuế Thành phố Vĩnh Yên"/>
			<Item Value ="0###21902###219###Chi cục Thuế Thị xã Phúc Yên"/>
			<Item Value ="0###21903###219###Chi cục Thuế Huyện Lập Thạch"/>
			<Item Value ="0###21904###219###Chi cục Thuế Huyện Tam đảo"/>
			<Item Value ="0###21905###219###Chi cục Thuế Huyện Tam Dương"/>
			<Item Value ="0###21907###219###Chi cục Thuế Huyện Vĩnh Tường"/>
			<Item Value ="0###21909###219###Chi cục Thuế Huyện Yên Lạc"/>
			<Item Value ="0###21913###219###Chi cục Thuế Huyện Bình Xuyên"/>
			<Item Value ="0###21915###219###Chi cục thuế Huyện Sông Lô"/>
			<Item Value ="1###22100###221###BGI - Cục Thuế Tỉnh Bắc Giang"/>
			<Item Value ="0###22100###221###Cục Thuế Tỉnh Bắc Giang"/>
			<Item Value ="0###22101###221###Chi cục Thuế Thành phố Bắc Giang"/>
			<Item Value ="0###22103###221###Chi cục Thuế Huyện Yên Thế"/>
			<Item Value ="0###22105###221###Chi cục Thuế Huyện Tân Yên"/>
			<Item Value ="0###22107###221###Chi cục Thuế Huyện Lục Ngạn"/>
			<Item Value ="0###22109###221###Chi cục Thuế Huyện Hiệp Hoà"/>
			<Item Value ="0###22111###221###Chi cục Thuế Huyện Lạng Giang"/>
			<Item Value ="0###22113###221###Chi cục Thuế Huyện Sơn Động"/>
			<Item Value ="0###22115###221###Chi cục Thuế Huyện Lục Nam"/>
			<Item Value ="0###22117###221###Chi cục Thuế Huyện Việt Yên"/>
			<Item Value ="0###22119###221###Chi cục Thuế Huyện Yên Dũng"/>
			<Item Value ="1###22300###223###BNI - Cục Thuế Tỉnh Bắc Ninh"/>
			<Item Value ="0###22300###223###Cục Thuế Tỉnh Bắc Ninh"/>
			<Item Value ="0###22301###223###Chi cục Thuế Thành phố Bắc Ninh"/>
			<Item Value ="0###22303###223###Chi cục Thuế Huyện Yên Phong"/>
			<Item Value ="0###22305###223###Chi cục Thuế Huyện Quế Võ"/>
			<Item Value ="0###22307###223###Chi cục Thuế Huyện Tiên Du"/>
			<Item Value ="0###22309###223###Chi cục Thuế Huyện Thuận Thành"/>
			<Item Value ="0###22311###223###Chi cục Thuế Huyện Lương Tài"/>
			<Item Value ="0###22313###223### Chi cục Thuế Thị xã Từ Sơn"/>
			<Item Value ="0###22315###223###Chi cục Thuế Huyện Gia Bình"/>
			<Item Value ="1###22500###225###QNI - Cục Thuế Tỉnh Quảng Ninh"/>
			<Item Value ="0###22500###225###Cục Thuế Tỉnh Quảng Ninh"/>
			<Item Value ="0###22501###225###Chi cục Thuế TP Hạ Long"/>
			<Item Value ="0###22503###225###Chi cục Thuế Thị xã Cẩm Phả"/>
			<Item Value ="0###22505###225###Chi cục Thuế Thị xã Uông Bí"/>
			<Item Value ="0###22507###225###Chi cục Thuế Huyện Bình Liêu"/>
			<Item Value ="0###22509###225###Chi cục thuế Thành phố Móng cái"/>
			<Item Value ="0###22511###225###Chi cục Thuế Huyện Hải Hà"/>
			<Item Value ="0###22513###225###Chi cục Thuế Huyện Tiên Yên"/>
			<Item Value ="0###22515###225###Chi cục Thuế Huyện Ba Chẽ"/>
			<Item Value ="0###22517###225###Chi cục Thuế Huyện Vân Đồn"/>
			<Item Value ="0###22519###225###Chi cục Thuế Huyện Hoành Bồ"/>
			<Item Value ="0###22521###225###Chi cục Thuế Huyện Đông Triều"/>
			<Item Value ="0###22523###225###Chi cục Thuế Huyện Cô Tô"/>
			<Item Value ="0###22525###225###Chi cục Thuế Huyện Yên Hưng"/>
			<Item Value ="0###22527###225###Chi cục thuế Huyện Đầm Hà"/>
			<Item Value ="1###30100###301###DBI - Cục Thuế Tỉnh Điện Biên"/>
			<Item Value ="0###30100###301###Cục Thuế Tỉnh Điện Biên"/>
			<Item Value ="0###30101###301###Chi cục TP Điện Biên Phủ"/>
			<Item Value ="0###30103###301###Chi cục Thuế Thị xã Mường Lay"/>
			<Item Value ="0###30104###301###Chi cục thuế Huyện Mường Nhé"/>
			<Item Value ="0###30111###301###Chi cục Thuế Huyện Mường Chà"/>
			<Item Value ="0###30113###301###Chi cục Thuế Huyện Tủa Chùa"/>
			<Item Value ="0###30115###301###Chi cục Thuế Huyện Tuần Giáo"/>
			<Item Value ="0###30117###301###Chi cục Thuế Huyện Điện Biên"/>
			<Item Value ="0###30119###301###Chi cục Thuế Huyện Điện Biên Đông"/>
			<Item Value ="0###30121###301###Chi cục Thuế Huyện Mường ảng"/>
			<Item Value ="1###30200###302###LCH - Cục Thuế Tỉnh Lai Châu"/>
			<Item Value ="0###30200###302###Cục Thuế Tỉnh Lai Châu"/>
			<Item Value ="0###30201###302###Chi cục Thuế Huyện Mường Tè"/>
			<Item Value ="0###30202###302###Chi cục Thuế Thị xã Lai Châu"/>
			<Item Value ="0###30203###302###Chi cục Thuế Huyện Phong Thổ"/>
			<Item Value ="0###30205###302###Chi cục Thuế Huyện Tam Đường"/>
			<Item Value ="0###30207###302###Chi cục Thuế Huyện Sìn Hồ"/>
			<Item Value ="0###30209###302###Chi cục Thuế Huyện Than Uyên"/>
			<Item Value ="0###30211###302###Chi cục Thuế Huyện Tân Uyên"/>
			<Item Value ="1###30300###303###SLA - Cục Thuế Tỉnh Sơn La"/>
			<Item Value ="0###30300###303###Cục Thuế Tỉnh Sơn La"/>
			<Item Value ="0###30301###303###Chi cục Thuế Thành phố Sơn La"/>
			<Item Value ="0###30303###303###Chi cục Thuế Huyện Quỳnh Nhai"/>
			<Item Value ="0###30305###303###Chi cục Thuế Huyện Mường La"/>
			<Item Value ="0###30307###303###Chi cục Thuế Huyện Thuận Châu"/>
			<Item Value ="0###30309###303###Chi cục Thuế Huyện Bắc Yên"/>
			<Item Value ="0###30311###303###Chi cục Thuế Huyện Phù Yên"/>
			<Item Value ="0###30313###303###Chi cục Thuế Huyện Mai Sơn"/>
			<Item Value ="0###30315###303###Chi cục Thuế Huyện Sông Mã"/>
			<Item Value ="0###30317###303###Chi cục Thuế Huyện Yên Châu"/>
			<Item Value ="0###30319###303###Chi cục Thuế Huyện Mộc Châu"/>
			<Item Value ="0###30321###303###Chi cục Thuế Huyện Sốp Cộp"/>
			<Item Value ="1###30500###305###HBI - Cục Thuế Tỉnh Hoà Bình"/>
			<Item Value ="0###30500###305###Cục Thuế Tỉnh Hoà Bình"/>
			<Item Value ="0###30501###305###Chi cục Thuế Thành phố Hoà Bình"/>
			<Item Value ="0###30503###305###Chi cục Thuế Huyện Đà Bắc"/>
			<Item Value ="0###30505###305###Chi cục Thuế Huyện Mai Châu"/>
			<Item Value ="0###30507###305###Chi cục Thuế Huyện Kỳ Sơn"/>
			<Item Value ="0###30509###305###Chi cục Thuế Huyện Lương Sơn"/>
			<Item Value ="0###30510###305###Chi cục Thuế Huyện Cao Phong"/>
			<Item Value ="0###30511###305###Chi cục Thuế Huyện Kim Bôi"/>
			<Item Value ="0###30513###305###Chi cục Thuế Huyện Tân Lạc"/>
			<Item Value ="0###30515###305###Chi cục Thuế Huyện Lạc Sơn"/>
			<Item Value ="0###30517###305###Chi cục Thuế Huyện Lạc Thuỷ"/>
			<Item Value ="0###30519###305###Chi cục Thuế Huyện Yên Thuỷ"/>
			<Item Value ="1###40100###401###THO - Cục Thuế Tỉnh Thanh Hoá"/>
			<Item Value ="0###40100###401###Cục Thuế Tỉnh Thanh Hoá"/>
			<Item Value ="0###40101###401###Chi cục Thuế Thành phố Thanh Hoá"/>
			<Item Value ="0###40103###401###Chi cục Thuế Thị xã Bỉm Sơn"/>
			<Item Value ="0###40105###401###Chi cục Thuế Thị xã Sầm Sơn"/>
			<Item Value ="0###40107###401###Chi cục Thuế Huyện Mường Lát"/>
			<Item Value ="0###40109###401###Chi cục Thuế Huyện Quan Hoá"/>
			<Item Value ="0###40111###401###Chi cục Thuế Huyện Quan Sơn"/>
			<Item Value ="0###40113###401###Chi cục Thuế Huyện Bá Thước"/>
			<Item Value ="0###40115###401###Chi cục Thuế Huyện Cẩm Thuỷ"/>
			<Item Value ="0###40117###401###Chi cục Thuế Huyện Lang Chánh"/>
			<Item Value ="0###40119###401###Chi cục Thuế Huyện Thạch Thành"/>
			<Item Value ="0###40121###401###Chi cục Thuế Huyện Ngọc Lặc"/>
			<Item Value ="0###40123###401###Chi cục Thuế Huyện Thường Xuân"/>
			<Item Value ="0###40125###401###Chi cục Thuế Huyện Như Xuân"/>
			<Item Value ="0###40127###401###Chi cục Thuế Huyện Như Thanh"/>
			<Item Value ="0###40129###401###Chi cục Thuế Huyện Vĩnh Lộc"/>
			<Item Value ="0###40131###401###Chi cục Thuế Huyện Hà Trung"/>
			<Item Value ="0###40133###401###Chi cục Thuế Huyện Nga Sơn"/>
			<Item Value ="0###40135###401###Chi cục Thuế Huyện Yên Định"/>
			<Item Value ="0###40137###401###Chi cục Thuế Huyện Thọ Xuân"/>
			<Item Value ="0###40139###401###Chi cục Thuế Huyện Hậu Lộc"/>
			<Item Value ="0###40141###401###Chi cục Thuế Huyện Thiệu Hoá"/>
			<Item Value ="0###40143###401###Chi cục Thuế Huyện Hoằng Hoá"/>
			<Item Value ="0###40145###401###Chi cục Thuế Huyện Đông Sơn"/>
			<Item Value ="0###40147###401###Chi cục Thuế Huyện Triệu Sơn"/>
			<Item Value ="0###40149###401###Chi cục Thuế Huyện Quảng Xương"/>
			<Item Value ="0###40151###401###Chi cục Thuế Huyện Nông Cống"/>
			<Item Value ="0###40153###401###Chi cục Thuế Huyện Tĩnh Gia"/>
			<Item Value ="1###40300###403###NAN - Cục Thuế Tỉnh Nghệ An"/>
			<Item Value ="0###40300###403###Cục Thuế Tỉnh Nghệ An"/>
			<Item Value ="0###40301###403###Chi cục Thuế Thành phố Vinh"/>
			<Item Value ="0###40303###403###Chi cục Thuế Thị xã Cửa Lò"/>
			<Item Value ="0###40305###403###Chi cục Thuế Huyện Quế Phong"/>
			<Item Value ="0###40307###403###Chi cục Thuế Huyện Quỳ Châu"/>
			<Item Value ="0###40309###403###Chi cục Thuế Huyện Kỳ Sơn"/>
			<Item Value ="0###40311###403###Chi cục Thuế Huyện Quỳ Hợp"/>
			<Item Value ="0###40313###403###Chị Cục thuế Huyện Nghĩa Đàn"/>
			<Item Value ="0###40314###403###Chi cục Thuế Thị xã Thái Hoà"/>
			<Item Value ="0###40315###403###Chi cục Thuế Huyện Tương Dương"/>
			<Item Value ="0###40317###403###Chi cục Thuế Huyện Quỳnh Lưu"/>
			<Item Value ="0###40319###403###Chi cục Thuế Huyện Tân Kỳ"/>
			<Item Value ="0###40321###403###Chi cục Thuế Huyện Con Cuông"/>
			<Item Value ="0###40323###403###Chi cục Thuế Huyện Yên Thành"/>
			<Item Value ="0###40325###403###Chi cục Thuế Huyện Diễn Châu"/>
			<Item Value ="0###40327###403###Chi cục Thuế Huyện Anh Sơn"/>
			<Item Value ="0###40329###403###Chi cục Thuế Huyện Đô Lương"/>
			<Item Value ="0###40331###403###Chi cục Thuế Huyện Thanh Chương"/>
			<Item Value ="0###40333###403###Chi cục Thuế Huyện Nghi Lộc"/>
			<Item Value ="0###40335###403###Chi cục Thuế Huyện Nam Đàn"/>
			<Item Value ="0###40337###403###Chi cục Thuế Huyện Hưng Nguyên"/>
			<Item Value ="1###40500###405###HTI - Cục Thuế Tỉnh Hà Tĩnh"/>
			<Item Value ="0###40500###405###Cục Thuế Tỉnh Hà Tĩnh"/>
			<Item Value ="0###40501###405###Chi cục Thuế Thành phố Hà Tĩnh"/>
			<Item Value ="0###40503###405###Chi cục Thuế Thị xã Hồng Lĩnh"/>
			<Item Value ="0###40505###405###Chi cục Thuế Huyện Nghi Xuân"/>
			<Item Value ="0###40507###405###Chi cục Thuế Huyện Đức Thọ"/>
			<Item Value ="0###40509###405###Chi cục Thuế Huyện Hương Sơn"/>
			<Item Value ="0###40511###405###Chi cục Thuế Huyện Can Lộc"/>
			<Item Value ="0###40513###405###Chi cục Thuế Huyện Thạch Hà"/>
			<Item Value ="0###40515###405###Chi cục Thuế Huyện Cẩm Xuyên"/>
			<Item Value ="0###40517###405###Chi cục Thuế Huyện Hương Khê"/>
			<Item Value ="0###40519###405###Chi cục Thuế Huyện Kỳ Anh"/>
			<Item Value ="0###40521###405###Chi cục thuế Huyện Vũ Quang"/>
			<Item Value ="0###40523###405###Chi cục Thuế Huyện Lộc Hà"/>
			<Item Value ="1###40700###407###QBI - Cục Thuế Tỉnh Quảng Bình"/>
			<Item Value ="0###40700###407###Cục Thuế Tỉnh Quảng Bình"/>
			<Item Value ="0###40701###407###Chi cục Thuế Thành phố Đồng Hới"/>
			<Item Value ="0###40703###407###Chi cục Thuế Huyện Tuyên Hoá"/>
			<Item Value ="0###40705###407###Chi cục Thuế Huyện Minh Hoá"/>
			<Item Value ="0###40707###407###Chi cục Thuế H.Quảng Trạch"/>
			<Item Value ="0###40709###407###Chi cục Thuế Huyện Bố Trạch"/>
			<Item Value ="0###40711###407###Chi cục Thuế Huyện Quảng Ninh"/>
			<Item Value ="0###40713###407###Chi cục Thuế Huyện Lệ Thuỷ"/>
			<Item Value ="1###40900###409###QTR - Cục Thuế Tỉnh Quảng Trị"/>
			<Item Value ="0###40900###409###Cục Thuế Tỉnh Quảng Trị"/>
			<Item Value ="0###40901###409###Chi cục Thuế Thành phố Đông Hà"/>
			<Item Value ="0###40903###409###Chi cục Thuế Thị xã Quảng Trị"/>
			<Item Value ="0###40905###409###Chi cục Thuế Huyện Vĩnh Linh"/>
			<Item Value ="0###40907###409###Chi cục Thuế Huyện Gio Linh"/>
			<Item Value ="0###40909###409###Chi cục Thuế Huyện Cam Lộ"/>
			<Item Value ="0###40911###409###Chi cục Thuế Huyện Triệu Phong"/>
			<Item Value ="0###40913###409###Chi cục Thuế Huyện Hải Lăng"/>
			<Item Value ="0###40915###409###Chi cục Thuế Huyện Hướng Hoá"/>
			<Item Value ="0###40917###409###Chi cục Thuế Huyện Đa Krông"/>
			<Item Value ="0###40919###409###Chi cục Thuế Huyện  Đảo Cồn Cỏ"/>
			<Item Value ="1###41100###411###TTH - Cục Thuế Tỉnh TT-Huế"/>
			<Item Value ="0###41100###411###Cục Thuế Tỉnh TT-Huế"/>
			<Item Value ="0###41101###411###CCT  Thành phố Huế"/>
			<Item Value ="0###41103###411###CCT Huyện Phong Điền"/>
			<Item Value ="0###41105###411###CCT Huyện Quảng Điền"/>
			<Item Value ="0###41107###411###CCT Huyện Hương Trà"/>
			<Item Value ="0###41109###411###CCT Huyện Phú Vang"/>
			<Item Value ="0###41111###411###CCT Thị xã Hương Thuỷ"/>
			<Item Value ="0###41113###411###CCT Huyện Phú Lộc"/>
			<Item Value ="0###41115###411###CCT Huyện A Lưới"/>
			<Item Value ="0###41117###411###CCT Huyện Nam Đông"/>
			<Item Value ="1###50100###501###DAN - Cục Thuế TP Đà Nẵng"/>
			<Item Value ="0###50100###501###Cục Thuế TP Đà Nẵng"/>
			<Item Value ="0###50101###501###Chi cục Thuế Quận Hải Châu"/>
			<Item Value ="0###50103###501###Chi cục Thuế Quận Thanh Khê"/>
			<Item Value ="0###50105###501###Chi cục Thuế Quận Sơn Trà"/>
			<Item Value ="0###50107###501###CCT Quận Ngũ Hành Sơn"/>
			<Item Value ="0###50109###501###Chi cục Thuế Quận Liên Chiểu"/>
			<Item Value ="0###50111###501###Chi cục Thuế Huyện Hoà Vang"/>
			<Item Value ="0###50113###501###Chi cục Thuế Huyện Đảo Hoàng Sa"/>
			<Item Value ="0###50115###501###Chi cục thuế Quận Cẩm Lệ"/>
			<Item Value ="1###50300###503###QNA - Cục Thuế Tỉnh Quảng Nam"/>
			<Item Value ="0###50300###503###Cục Thuế Tỉnh Quảng Nam"/>
			<Item Value ="0###50301###503###Chi cục Thuế Thành phố Tam Kỳ"/>
			<Item Value ="0###50302###503###Chi cục Thuế Huyện Phú Ninh"/>
			<Item Value ="0###50303###503###Chi cục Thuế Thành phố Hội An"/>
			<Item Value ="0###50304###503###Chi cục thuế Huyện Tây Giang"/>
			<Item Value ="0###50305###503###Chi cục thuế Huyện Đông Giang"/>
			<Item Value ="0###50307###503###Chi cục Thuế Huyện Đại Lộc"/>
			<Item Value ="0###50309###503###Chi cục Thuế Huyện Điện Bàn"/>
			<Item Value ="0###50311###503###Chi cục Thuế Huyện Duy Xuyên"/>
			<Item Value ="0###50313###503###Chi cục Thuế Huyện Nam Giang"/>
			<Item Value ="0###50315###503###Chi cục Thuế Huyện Thăng Bình"/>
			<Item Value ="0###50317###503###Chi cục Thuế Huyện Quế Sơn"/>
			<Item Value ="0###50318###503###Chi cục thuế Huyện Nông Sơn"/>
			<Item Value ="0###50319###503###Chi cục Thuế Huyện Hiệp Đức"/>
			<Item Value ="0###50321###503###Chi cục Thuế Huyện Tiên Phước"/>
			<Item Value ="0###50323###503###Chi cục Thuế Huyện Phước Sơn"/>
			<Item Value ="0###50325###503###Chi cục Thuế Huyện Núi Thành"/>
			<Item Value ="0###50327###503###Chi cục thuế Huyện Bắc Trà My"/>
			<Item Value ="0###50329###503###Chi cục thuế Huyện Nam Trà My"/>
			<Item Value ="1###50500###505###QNG - Cục Thuế Tỉnh Quảng Ngãi"/>
			<Item Value ="0###50500###505###Cục Thuế Tỉnh Quảng Ngãi"/>
			<Item Value ="0###50501###505###Chi cục Thuế Thành phố Quảng Ngãi"/>
			<Item Value ="0###50503###505###Chi cục Thuế Huyện Lý Sơn"/>
			<Item Value ="0###50505###505###Chi cục Thuế Huyện Bình Sơn"/>
			<Item Value ="0###50507###505###Chi cục Thuế Huyện Trà Bồng"/>
			<Item Value ="0###50508###505###Chi cục Thuế Huyện Tây Trà"/>
			<Item Value ="0###50509###505###Chi cục Thuế Huyện Sơn Tịnh"/>
			<Item Value ="0###50511###505###Chi cục Thuế Huyện Sơn Tây"/>
			<Item Value ="0###50513###505###Chi cục Thuế Huyện Sơn Hà"/>
			<Item Value ="0###50515###505###Chi cục Thuế Huyện Tư Nghĩa"/>
			<Item Value ="0###50517###505###Chi cục Thuế Huyện Nghĩa Hành"/>
			<Item Value ="0###50519###505###Chi cục Thuế Huyện Minh Long"/>
			<Item Value ="0###50521###505###Chi cục Thuế Huyện Mộ Đức"/>
			<Item Value ="0###50523###505###Chi cục Thuế Huyện Đức Phổ"/>
			<Item Value ="0###50525###505###Chi cục Thuế Huyện Ba Tơ"/>
			<Item Value ="1###50700###507###BDI - Cục Thuế Tỉnh Bình Định"/>
			<Item Value ="0###50700###507###Cục Thuế Tỉnh Bình Định"/>
			<Item Value ="0###50701###507###Chi cục Thuế Thành phố Quy Nhơn"/>
			<Item Value ="0###50703###507###Chi cục Thuế Huyện An Lão"/>
			<Item Value ="0###50705###507###Chi cục Thuế Huyện Hoài Nhơn"/>
			<Item Value ="0###50707###507###Chi cục Thuế Huyện Hoài ân"/>
			<Item Value ="0###50709###507###Chi cục Thuế Huyện Phù Mỹ"/>
			<Item Value ="0###50711###507###Chi cục Thuế Huyện Vĩnh Thạnh"/>
			<Item Value ="0###50713###507###Chi cục Thuế Huyện Phù Cát"/>
			<Item Value ="0###50715###507###Chi cục Thuế Huyện Tây Sơn"/>
			<Item Value ="0###50717###507###Chi cục Thuế Huyện An Nhơn"/>
			<Item Value ="0###50719###507###Chi cục Thuế Huyện Tuy Phước"/>
			<Item Value ="0###50721###507###Chi cục Thuế Huyện Vân Canh"/>
			<Item Value ="1###50900###509###PHY - Cục Thuế Tỉnh Phú Yên"/>
			<Item Value ="0###50900###509###Cục Thuế Tỉnh Phú Yên"/>
			<Item Value ="0###50901###509###Chi cục Thuế TP  Tuy Hoà"/>
			<Item Value ="0###50903###509###Chi cục Thuế Huyện Đồng Xuân"/>
			<Item Value ="0###50905###509###Chi cục Thuế Thị xã Sông Cầu"/>
			<Item Value ="0###50907###509###Chi cục Thuế Huyện Tuy An"/>
			<Item Value ="0###50909###509###Chi cục Thuế Huyện Sơn Hoà"/>
			<Item Value ="0###50911###509###Chi cục Thuế Huyện Đông Hoà"/>
			<Item Value ="0###50912###509###Chi cục Thuế Huyện Tây Hoà"/>
			<Item Value ="0###50913###509###Chi cục Thuế Huyện Sông Hinh"/>
			<Item Value ="0###50915###509###Chi cục Thuế Huyện Phú Hoà"/>
			<Item Value ="1###51100###511###KHH - Cục Thuế Tỉnh Khánh Hoà"/>
			<Item Value ="0###51100###511###Cục Thuế Tỉnh Khánh Hoà"/>
			<Item Value ="0###51101###511###Chi cục Thuế Thành phố Nha Trang"/>
			<Item Value ="0###51103###511###Chi cục Thuế Huyện Vạn Ninh"/>
			<Item Value ="0###51105###511###Chi cục Thuế Thị Xã Ninh Hoà"/>
			<Item Value ="0###51107###511###Chi cục Thuế Huyện Diên Khánh"/>
			<Item Value ="0###51109###511###Chi cục Thuế Thành Phố Cam Ranh"/>
			<Item Value ="0###51111###511###Chi cục Thuế Huyện Khánh Vĩnh"/>
			<Item Value ="0###51113###511###Chi cục Thuế Huyện Khánh Sơn"/>
			<Item Value ="0###51115###511###Chi cục Thuế Huyện Trường Sa"/>
			<Item Value ="0###51117###511###Chi cục Thuế Huyện Cam Lâm"/>
			<Item Value ="1###60100###601###KTU - Cục Thuế Tỉnh Kon Tum"/>
			<Item Value ="0###60100###601###Cục Thuế Tỉnh Kon Tum"/>
			<Item Value ="0###60101###601###Chi cục Thuế Thành phố Kon Tum"/>
			<Item Value ="0###60103###601###Chi cục Thuế Huyện Đắk Glei"/>
			<Item Value ="0###60105###601###Chi cục Thuế Huyện Ngọc Hồi"/>
			<Item Value ="0###60107###601###Chi cục Thuế Huyện Đắk Tô"/>
			<Item Value ="0###60108###601###Chi cục thuế Huyện Kon Rẫy"/>
			<Item Value ="0###60109###601###Chi cục Thuế Huyện Kon Plông"/>
			<Item Value ="0###60111###601###Chi cục Thuế Huyện Đák Hà"/>
			<Item Value ="0###60113###601###Chi cục Thuế Huyện Sa Thầy"/>
			<Item Value ="0###60115###601###Chi cục Thuế Huyện Tu Mơ Rông"/>
			<Item Value ="1###60300###603###GLA - Cục Thuế Tỉnh Gia Lai"/>
			<Item Value ="0###60300###603###Cục Thuế Tỉnh Gia Lai"/>
			<Item Value ="0###60301###603###Chi cục Thuế Thành phố Pleiku"/>
			<Item Value ="0###60303###603###Chi cục Thuế Huyện Kbang"/>
			<Item Value ="0###60305###603###Chi cục Thuế Huyện Mang Yang"/>
			<Item Value ="0###60307###603###Chi cục Thuế Huyện Chư Păh"/>
			<Item Value ="0###60309###603###Chi cục Thuế Huyện Ia Grai"/>
			<Item Value ="0###60311###603###Chi cục Thuế Thị xã An Khê"/>
			<Item Value ="0###60313###603###Chi cục Thuế Huyện Kông Chro"/>
			<Item Value ="0###60315###603###Chi cục Thuế Huyện Đức Cơ"/>
			<Item Value ="0###60317###603###Chi cục Thuế Huyện Chư Prông"/>
			<Item Value ="0###60319###603###Chi cục Thuế Huyện Chư Sê"/>
			<Item Value ="0###60320###603###Chi cục Thuế Huyện IaPa"/>
			<Item Value ="0###60321###603###Chi cục Thuế Thị xã Ayun Pa"/>
			<Item Value ="0###60323###603###Chi cục Thuế Huyện Krông Pa"/>
			<Item Value ="0###60325###603###Chi cục Thuế Huyện Đắk Đoa"/>
			<Item Value ="0###60327###603###Chi cục Thuế Huyện ĐakPơ"/>
			<Item Value ="0###60329###603###Chi cục Thuế Huyện Phú Thiện"/>
			<Item Value ="0###60331###603###Chi cục Thuế Huyện Chư Pưh"/>
			<Item Value ="1###60500###605###DLA - Cục Thuế Tỉnh Đắk Lắk"/>
			<Item Value ="0###60500###605###Cục Thuế Tỉnh Đắk Lắk"/>
			<Item Value ="0###60501###605###Chi cục Thuế Thành phố Buôn Ma Thuột"/>
			<Item Value ="0###60503###605###Chi cục Thuế Huyện Ea H'leo"/>
			<Item Value ="0###60505###605###Chi cục Thuế Huyện Ea Súp"/>
			<Item Value ="0###60507###605###Chi cục Thuế Huyện Krông Năng"/>
			<Item Value ="0###60509###605###Chi cục Thuế Thị xã Buôn Hồ"/>
			<Item Value ="0###60511###605###Chi cục Thuế Huyện Buôn Đôn"/>
			<Item Value ="0###60513###605###Chi cục Thuế Huyện Cư M'gar"/>
			<Item Value ="0###60515###605###Chi cục Thuế Huyện Ea Kar"/>
			<Item Value ="0###60517###605###Chi cục Thuế Huyện M'ĐrắK"/>
			<Item Value ="0###60519###605###Chi cục Thuế Huyện Krông Pắk"/>
			<Item Value ="0###60523###605###Chi cục Thuế Huyện Krông A Na"/>
			<Item Value ="0###60525###605###Chi cục Thuế Huyện Krông Bông"/>
			<Item Value ="0###60531###605###Chi cục Thuế Huyện Lắk"/>
			<Item Value ="0###60537###605###Chi cục Thuế Huyện Cư Kuin"/>
			<Item Value ="0###60539###605###Chi cục Thuế Huyện Krông Buk"/>
			<Item Value ="1###60600###606###DNO - Cục Thuế Tỉnh Đắk Nông"/>
			<Item Value ="0###60600###606###Cục Thuế Tỉnh Đắk Nông"/>
			<Item Value ="0###60603###606###Chi cục Thuế Huyện Cư Jút"/>
			<Item Value ="0###60605###606###Chi cục Thuế Huyện Krông Nô"/>
			<Item Value ="0###60607###606###Chi cục Thuế Huyện Đắk Mil"/>
			<Item Value ="0###60609###606###Chi cục Thuế Huyện Đắk Song"/>
			<Item Value ="0###60611###606###Chi cục Thuế Huyện Đắk R'Lấp"/>
			<Item Value ="0###60613###606###Chi cục Thuế Thị xã Gia Nghĩa"/>
			<Item Value ="0###60615###606###Chi cục thuế Huyện Đắk Glong"/>
			<Item Value ="0###60617###606###Chi cục Thuế Huyện Tuy Đức"/>
			<Item Value ="1###70100###701###HCM - Cục Thuế Thành phố Hồ Chí Minh"/>
			<Item Value ="0###70100###701###Cục Thuế Thành phố Hồ Chí Minh"/>
			<Item Value ="0###70101###701###Chi cục Thuế Quận 1"/>
			<Item Value ="0###70103###701###Chi cục Thuế Quận 2"/>
			<Item Value ="0###70105###701###Chi cục Thuế Quận 3"/>
			<Item Value ="0###70107###701###Chi cục Thuế Quận 4"/>
			<Item Value ="0###70109###701###Chi cục Thuế Quận 5"/>
			<Item Value ="0###70111###701###Chi cục Thuế Quận 6"/>
			<Item Value ="0###70113###701###Chi cục Thuế Quận 7"/>
			<Item Value ="0###70115###701###Chi cục Thuế Quận 8"/>
			<Item Value ="0###70117###701###Chi cục Thuế Quận 9"/>
			<Item Value ="0###70119###701###Chi cục Thuế Quận 10"/>
			<Item Value ="0###70121###701###Chi cục Thuế Quận 11"/>
			<Item Value ="0###70123###701###Chi cục Thuế Quận 12"/>
			<Item Value ="0###70125###701###Chi cục Thuế Quận Gò Vấp"/>
			<Item Value ="0###70127###701###Chi cục Thuế Quận Tân Bình"/>
			<Item Value ="0###70128###701###Chi cục thuế Quận Tân phú"/>
			<Item Value ="0###70129###701###Chi cục Thuế Quận Bình Thạnh"/>
			<Item Value ="0###70131###701###Chi cục Thuế Quận Phú Nhuận"/>
			<Item Value ="0###70133###701###Chi cục Thuế Quận Thủ Đức"/>
			<Item Value ="0###70134###701###Chi cục thuế Quận Bình Tân"/>
			<Item Value ="0###70135###701###Chi cục Thuế Huyện Củ Chi"/>
			<Item Value ="0###70137###701###Chi cục Thuế Huyện Hóc Môn"/>
			<Item Value ="0###70139###701###Chi cục Thuế Huyện Bình Chánh"/>
			<Item Value ="0###70141###701###Chi cục Thuế Huyện Nhà Bè"/>
			<Item Value ="0###70143###701###Chi cục Thuế Huyện Cần Giờ"/>
			<Item Value ="1###70300###703###LDO - Cục Thuế Tỉnh Lâm Đồng"/>
			<Item Value ="0###70300###703###Cục Thuế Tỉnh Lâm Đồng"/>
			<Item Value ="0###70301###703###Chi cục Thuế Thành phố Đà Lạt"/>
			<Item Value ="0###70303###703###Chi cục Thuế Thành phố Bảo Lộc"/>
			<Item Value ="0###70305###703###Chi cục Thuế Huyện Lạc Dương"/>
			<Item Value ="0###70307###703###Chi cục Thuế Huyện Đơn Dương"/>
			<Item Value ="0###70309###703###Chi cục Thuế Huyện Đức Trọng"/>
			<Item Value ="0###70311###703###Chi cục Thuế Huyện Lâm Hà"/>
			<Item Value ="0###70313###703###Chi cục Thuế Huyện Bảo Lâm"/>
			<Item Value ="0###70315###703###Chi cục Thuế Huyện Di Linh"/>
			<Item Value ="0###70317###703###Chi cục Thuế Huyện Đạ Huoai"/>
			<Item Value ="0###70319###703###Chi cục Thuế Huyện Đạ Tẻh"/>
			<Item Value ="0###70321###703###Chi cục Thuế Huyện Cát Tiên"/>
			<Item Value ="0###70323###703###Chi cục Thuế huyện Đam Rông"/>
			<Item Value ="1###70500###705###NTH - Cục Thuế Tỉnh Ninh Thuận"/>
			<Item Value ="0###70500###705###Cục Thuế Tỉnh Ninh Thuận"/>
			<Item Value ="0###70501###705###Chi cục Thuế TP. Phan Rang - Tháp Chàm"/>
			<Item Value ="0###70503###705###Chi cục Thuế Huyện Ninh Sơn"/>
			<Item Value ="0###70505###705###Chi cục Thuế Huyện Ninh Hải"/>
			<Item Value ="0###70507###705###Chi cục Thuế Huyện Ninh Phước"/>
			<Item Value ="0###70509###705###Chi cục Thuế Huyện Bác ái"/>
			<Item Value ="0###70511###705###Chi cục thuế Huyện Thuận Bắc"/>
			<Item Value ="0###70513###705###Chi cục thuế Huyện Thuận Nam"/>
			<Item Value ="1###70700###707###BPH - Cục Thuế Tỉnh Bình Phước"/>
			<Item Value ="0###70700###707###Cục Thuế Tỉnh Bình Phước"/>
			<Item Value ="0###70701###707###Chi cục Thuế Huyện Đồng Phú"/>
			<Item Value ="0###70703###707###Chi cục Thuế Thị xã Phước Long"/>
			<Item Value ="0###70705###707###Chi cục Thuế Huyện Lộc Ninh"/>
			<Item Value ="0###70706###707###Chi cục Thuế Huyện Bù Đốp"/>
			<Item Value ="0###70707###707###Chi cục Thuế Huyện Bù Đăng"/>
			<Item Value ="0###70709###707###Chi cục Thuế Thị xã Bình Long"/>
			<Item Value ="0###70710###707###Chi cục Thuế Huyện Chơn Thành"/>
			<Item Value ="0###70711###707###Chi cục thuế Thị xã Đồng Xoài"/>
			<Item Value ="0###70713###707###Chi cục thuế Huyện Hớn Quản"/>
			<Item Value ="0###70715###707###Chi cục thuế Huyện Bù Gia Mập"/>
			<Item Value ="1###70900###709###TNI - Cục Thuế Tỉnh Tây Ninh"/>
			<Item Value ="0###70900###709###Cục Thuế Tỉnh Tây Ninh"/>
			<Item Value ="0###70901###709###Chi cục Thuế Thị xã Tây Ninh"/>
			<Item Value ="0###70903###709###Chi cục Thuế Huyện Tân Biên"/>
			<Item Value ="0###70905###709###Chi cục Thuế Huyện Tân Châu"/>
			<Item Value ="0###70907###709###Chi cục Thuế Huyện Dương Minh Châu"/>
			<Item Value ="0###70909###709###Chi cục Thuế Huyện Châu Thành"/>
			<Item Value ="0###70911###709###Chi cục Thuế Huyện Hoà Thành"/>
			<Item Value ="0###70913###709###Chi cục Thuế Huyện Bến Cầu"/>
			<Item Value ="0###70915###709###Chi cục thuế huyện Gò Dầu"/>
			<Item Value ="0###70917###709###Chi cục Thuế Huyện Trảng Bàng"/>
			<Item Value ="1###71100###711###BDU - Cục Thuế Tỉnh Bình Dương"/>
			<Item Value ="0###71100###711###Cục Thuế Tỉnh Bình Dương"/>
			<Item Value ="0###71101###711###Chi cục Thuế TX Thủ Dầu Một"/>
			<Item Value ="0###71103###711###Chi cục Thuế Huyện Bến Cát"/>
			<Item Value ="0###71105###711###Chi cục Thuế Huyện Tân Uyên"/>
			<Item Value ="0###71107###711###Chi cục Thuế Thị Xã Thuận An"/>
			<Item Value ="0###71109###711###Chi cục Thuế Thị Xã Dĩ An"/>
			<Item Value ="0###71111###711###Chi cục Thuế Huyện Phú Giáo"/>
			<Item Value ="0###71113###711###Chi cục Thuế Huyện Dầu Tiếng"/>
			<Item Value ="1###71300###713###DON - Cục Thuế Tỉnh Đồng Nai"/>
			<Item Value ="0###71300###713###Cục Thuế Tỉnh Đồng Nai"/>
			<Item Value ="0###71301###713###Chi cục Thuế TP Biên Hòa"/>
			<Item Value ="0###71302###713###Chi cục thuế TX Long khánh"/>
			<Item Value ="0###71303###713###Chi cục Thuế Huyện Tân Phú"/>
			<Item Value ="0###71305###713###Chi cục Thuế Huyện Định Quán"/>
			<Item Value ="0###71307###713###Chi cục Thuế Huyện Vĩnh Cửu"/>
			<Item Value ="0###71308###713###Chi cục thuế Huyện Trảng Bom"/>
			<Item Value ="0###71309###713###Chi cục Thuế Huyện Thống Nhất"/>
			<Item Value ="0###71311###713###Chi cục Thuế huyện Cẩm Mỹ"/>
			<Item Value ="0###71313###713###Chi cục Thuế Huyện Xuân Lộc"/>
			<Item Value ="0###71315###713###Chi cục Thuế Huyện Long Thành"/>
			<Item Value ="0###71317###713###Chi cục Thuế Huyện Nhơn Trạch"/>
			<Item Value ="1###71500###715###BTH - Cục Thuế Tỉnh Bình Thuận"/>
			<Item Value ="0###71500###715###Cục Thuế Tỉnh Bình Thuận"/>
			<Item Value ="0###71501###715###Chi cục Thuế Thành phố Phan Thiết"/>
			<Item Value ="0###71503###715###Chi cục Thuế Huyện Tuy Phong"/>
			<Item Value ="0###71505###715###Chi cục Thuế Huyện Bắc Bình"/>
			<Item Value ="0###71507###715###Chi cục Thuế Huyện Hàm Thuận Bắc"/>
			<Item Value ="0###71509###715###Chi cục Thuế Huyện Hàm Thuận Nam"/>
			<Item Value ="0###71511###715###Chi cục Thuế Huyện Tánh Linh"/>
			<Item Value ="0###71513###715###Chi cục Thuế Thị xã La Gi"/>
			<Item Value ="0###71514###715###Chi cục Thuế Huyện Hàm Tân"/>
			<Item Value ="0###71515###715###Chi cục Thuế Huyện Đức Linh"/>
			<Item Value ="0###71517###715###Chi cục Thuế Huyện Phú Quý"/>
			<Item Value ="1###71700###717###BRV - Cục Thuế Tỉnh Bà Rịa - Vũng Tàu"/>
			<Item Value ="0###71700###717###Cục Thuế Tỉnh Bà Rịa - Vũng Tàu"/>
			<Item Value ="0###71701###717###Chi cục Thuế Thành phố Vũng Tàu"/>
			<Item Value ="0###71703###717###Chi cục Thuế Thị xã Bà Rịa"/>
			<Item Value ="0###71705###717###Chi cục Thuế Huyện Châu Đức"/>
			<Item Value ="0###71707###717###Chi cục Thuế Huyện Xuyên Mộc"/>
			<Item Value ="0###71709###717###Chi cục Thuế Huyện Tân Thành"/>
			<Item Value ="0###71711###717###Chi cục thuế Huyện Long Điền"/>
			<Item Value ="0###71712###717###Chi cục Thuế Huyện Đất đỏ"/>
			<Item Value ="0###71713###717###Chi cục Thuế Huyện Côn Đảo"/>
			<Item Value ="1###80100###801###LAN - Cục Thuế Tỉnh Long An"/>
			<Item Value ="0###80100###801###Cục Thuế Tỉnh Long An"/>
			<Item Value ="0###80101###801###Chi cục Thuế Thành phố Tân An"/>
			<Item Value ="0###80103###801###Chi cục Thuế Huyện Tân Hưng"/>
			<Item Value ="0###80105###801###Chi cục Thuế Huyện Vĩnh Hưng"/>
			<Item Value ="0###80107###801###Chi cục Thuế Huyện Mộc Hoá"/>
			<Item Value ="0###80109###801###Chi cục Thuế Huyện Tân Thạnh"/>
			<Item Value ="0###80111###801###Chi cục Thuế Huyện Thạnh Hoá"/>
			<Item Value ="0###80113###801###Chi cục Thuế Huyện Đức Huệ"/>
			<Item Value ="0###80115###801###Chi cục Thuế Huyện Đức Hoà"/>
			<Item Value ="0###80117###801###Chi cục Thuế Huyện Bến Lức"/>
			<Item Value ="0###80119###801###Chi cục Thuế Huyện Thủ Thừa"/>
			<Item Value ="0###80121###801###Chi cục Thuế Huyện Châu Thành"/>
			<Item Value ="0###80123###801###Chi cục Thuế Huyện Tân Trụ"/>
			<Item Value ="0###80125###801###Chi cục Thuế Huyện Cần Đước"/>
			<Item Value ="0###80127###801###Chi cục Thuế Huyện Cần Giuộc"/>
			<Item Value ="1###80300###803###DTH - Cục Thuế Tỉnh Đồng Tháp"/>
			<Item Value ="0###80300###803###Cục Thuế Tỉnh Đồng Tháp"/>
			<Item Value ="0###80301###803###Chi cục Thuế Thành phố Cao Lãnh"/>
			<Item Value ="0###80303###803###Chi cục Thuế Thị xã Sa Đéc"/>
			<Item Value ="0###80305###803###Chi cục Thuế Huyện Tân Hồng"/>
			<Item Value ="0###80307###803###Chi cục Thuế Huyện Hồng Ngự"/>
			<Item Value ="0###80309###803###Chi cục Thuế Huyện Tam Nông"/>
			<Item Value ="0###80311###803###Chi cục Thuế Huyện Thanh Bình"/>
			<Item Value ="0###80313###803###Chi cục Thuế Huyện Tháp Mười"/>
			<Item Value ="0###80315###803###Chi cục Thuế Huyện Cao Lãnh"/>
			<Item Value ="0###80317###803###Chi cục Thuế Huyện Lấp Vò"/>
			<Item Value ="0###80319###803###Chi cục Thuế Huyện Lai Vung"/>
			<Item Value ="0###80321###803###Chi cục Thuế Huyện Châu Thành"/>
			<Item Value ="0###80323###803###Chi cục Thuế Thị xã Hồng Ngự"/>
			<Item Value ="1###80500###805###AGI - Cục Thuế Tỉnh An Giang"/>
			<Item Value ="0###80500###805###Cục Thuế Tỉnh An Giang"/>
			<Item Value ="0###80501###805###Chi cục thuế Tp. Long Xuyên"/>
			<Item Value ="0###80503###805###Chi cục Thuế Thị xã Châu Đốc"/>
			<Item Value ="0###80505###805###Chi cục Thuế Huyện An Phú"/>
			<Item Value ="0###80507###805###Chi cục Thuế Thị xã Tân Châu"/>
			<Item Value ="0###80509###805###Chi cục Thuế Huyện Phú Tân"/>
			<Item Value ="0###80511###805###Chi cục Thuế Huyện Châu Phú"/>
			<Item Value ="0###80513###805###Chi cục Thuế Huyện Tịnh Biên"/>
			<Item Value ="0###80515###805###Chi cục Thuế Huyện Tri Tôn"/>
			<Item Value ="0###80517###805###Chi cục Thuế Huyện Chợ Mới"/>
			<Item Value ="0###80519###805###Chi cục Thuế Huyện Châu Thành"/>
			<Item Value ="0###80521###805###Chi cục Thuế Huyện Thoại Sơn"/>
			<Item Value ="1###80700###807###TGI - Cục Thuế Tỉnh Tiền Giang"/>
			<Item Value ="0###80700###807###Cục Thuế Tỉnh Tiền Giang"/>
			<Item Value ="0###80701###807###Chi cục Thuế Thành phố Mỹ Tho"/>
			<Item Value ="0###80703###807###Chi cục Thuế Thị xã Gò Công"/>
			<Item Value ="0###80705###807###Chi cục Thuế Huyện Tân Phước"/>
			<Item Value ="0###80707###807###Chi cục Thuế Huyện Châu Thành"/>
			<Item Value ="0###80709###807###Chi cục Thuế Huyện Cai Lậy"/>
			<Item Value ="0###80711###807###Chi cục Thuế Huyện Chợ Gạo"/>
			<Item Value ="0###80713###807###Chi cục Thuế Huyện Cái Bè"/>
			<Item Value ="0###80715###807###Chi cục Thuế Huyện Gò Công Tây"/>
			<Item Value ="0###80717###807###Chi cục Thuế Huyện Gò Công Đông"/>
			<Item Value ="0###80719###807###Chi cục Thuế Huyện Tân Phú Đông"/>
			<Item Value ="1###80900###809###VLO - Cục Thuế Tỉnh Vĩnh Long"/>
			<Item Value ="0###80900###809###Cục Thuế Tỉnh Vĩnh Long"/>
			<Item Value ="0###80901###809###Chi cục Thuế Thành phố  Vĩnh Long"/>
			<Item Value ="0###80903###809###Chi cục Thuế Huyện Long Hồ"/>
			<Item Value ="0###80905###809###Chi cục Thuế Huyện Mang Thít"/>
			<Item Value ="0###80907###809###Chi cục Thuế Huyện Bình Minh"/>
			<Item Value ="0###80908###809###Chi cục Thuế huyện Bình Tân"/>
			<Item Value ="0###80909###809###Chi cục Thuế Huyện Tam Bình"/>
			<Item Value ="0###80911###809###Chi cục Thuế Huyện Trà Ôn"/>
			<Item Value ="0###80913###809###Chi cục Thuế Huyện Vũng Liêm"/>
			<Item Value ="1###81100###811###BTR - Cục Thuế Tỉnh Bến Tre"/>
			<Item Value ="0###81100###811###Cục Thuế Tỉnh Bến Tre"/>
			<Item Value ="0###81101###811###Chi cục Thuế Thành phố  Bến Tre"/>
			<Item Value ="0###81103###811###Chi cục Thuế Huyện Châu Thành"/>
			<Item Value ="0###81105###811###Chi cục Thuế Huyện Chợ Lách"/>
			<Item Value ="0###81107###811###Chi cục Thuế Huyện Mỏ Cày Nam"/>
			<Item Value ="0###81108###811###Chi cục thuế Huyện Mỏ Cày Bắc"/>
			<Item Value ="0###81109###811###Chi cục Thuế Huyện Giồng Trôm"/>
			<Item Value ="0###81111###811###Chi cục Thuế Huyện Bình Đại"/>
			<Item Value ="0###81113###811###Chi cục Thuế Huyện Ba Tri"/>
			<Item Value ="0###81115###811###Chi cục Thuế Huyện Thạnh Phú"/>
			<Item Value ="1###81300###813###KGI - Cục Thuế Tỉnh Kiên Giang"/>
			<Item Value ="0###81300###813###Cục Thuế Tỉnh Kiên Giang"/>
			<Item Value ="0###81301###813###Chi cục Thuế Thành phố Rạch Giá"/>
			<Item Value ="0###81303###813###Chi cục Thuế Huyện Kiên Lương"/>
			<Item Value ="0###81304###813###Chi cục Thuế Huyện Giang Thành"/>
			<Item Value ="0###81305###813###Chi cục Thuế Huyện Hòn Đất"/>
			<Item Value ="0###81307###813###Chi cục Thuế Huyện Tân Hiệp"/>
			<Item Value ="0###81309###813###Chi cục Thuế Huyện Châu Thành"/>
			<Item Value ="0###81311###813###Chi cục Thuế Huyện Giồng Riềng"/>
			<Item Value ="0###81313###813###Chi cục Thuế Huyện Gò Quao"/>
			<Item Value ="0###81315###813###Chi cục Thuế Huyện An Biên"/>
			<Item Value ="0###81317###813###Chi cục Thuế Huyện An Minh"/>
			<Item Value ="0###81319###813###Chi cục Thuế Huyện Vĩnh Thuận"/>
			<Item Value ="0###81321###813###Chi cục Thuế Huyện Phú Quốc"/>
			<Item Value ="0###81323###813###Chi cục Thuế Huyện Kiên HảI                                 "/>
			<Item Value ="0###81325###813###Chi cục thuế Thị xã Hà Tiên"/>
			<Item Value ="0###81327###813###Chi cục Thuế Huyện U Minh Thượng"/>
			<Item Value ="1###81500###815###CTH - Cục Thuế Thành phố Cần Thơ"/>
			<Item Value ="0###81500###815###Cục Thuế Thành phố Cần Thơ"/>
			<Item Value ="0###81503###815###Chi cục Thuế  Quận Thốt Nốt"/>
			<Item Value ="0###81505###815###Chi cục Thuế Quận Ô Môn"/>
			<Item Value ="0###81519###815###Chi cục Thuế Quận Ninh Kiều"/>
			<Item Value ="0###81521###815###Chi cục Thuế Quận Bình Thuỷ"/>
			<Item Value ="0###81523###815###Chi cục Thuế Quận Cái Răng"/>
			<Item Value ="0###81525###815###Chi cục Thuế Huyện Vĩnh Thạnh"/>
			<Item Value ="0###81527###815###Chi cục Thuế Huyện Cờ Đỏ"/>
			<Item Value ="0###81529###815###Chi cục Thuế Huyện Phong Điền"/>
			<Item Value ="0###81531###815###Chi Cục Thuế Huyện Thới Lai"/>
			<Item Value ="1###81600###816###HAG - Cục Thuế Tỉnh Hậu Giang"/>
			<Item Value ="0###81600###816###Cục Thuế Tỉnh Hậu Giang"/>
			<Item Value ="0###81601###816###Chi cục Thuế Thị xã Vị Thanh"/>
			<Item Value ="0###81603###816###CCThuế Huyện Châu Thành A"/>
			<Item Value ="0###81605###816###Chi cục Thuế Huyện Châu Thành"/>
			<Item Value ="0###81607###816###Chi cục Thuế Thị  Xã Ngã Bảy"/>
			<Item Value ="0###81608###816###Chi cục thuế huyện Phụng Hiệp"/>
			<Item Value ="0###81609###816###Chi cục Thuế Huyện Vị Thủy"/>
			<Item Value ="0###81611###816###Chi cục Thuế Huyện Long Mỹ"/>
			<Item Value ="1###81700###817###TVI - Cục Thuế Tỉnh Trà Vinh"/>
			<Item Value ="0###81700###817###Cục Thuế Tỉnh Trà Vinh"/>
			<Item Value ="0###81701###817###Chi cục Thuế Thành phố Trà Vinh"/>
			<Item Value ="0###81703###817###Chi cục Thuế Huyện Càng Long"/>
			<Item Value ="0###81705###817###Chi cục Thuế Huyện Châu Thành"/>
			<Item Value ="0###81707###817###Chi cục Thuế Huyện Cầu Kè"/>
			<Item Value ="0###81709###817###Chi cục Thuế Huyện Tiểu Cần"/>
			<Item Value ="0###81711###817###Chi cục Thuế Huyện Cầu Ngang"/>
			<Item Value ="0###81713###817###Chi cục Thuế Huyện Trà Cú"/>
			<Item Value ="0###81715###817###Chi cục Thuế Huyện Duyên Hải"/>
			<Item Value ="1###81900###819###STR - Cục Thuế Tỉnh Sóc Trăng"/>
			<Item Value ="0###81900###819###Cục Thuế Tỉnh Sóc Trăng"/>
			<Item Value ="0###81901###819###Chi cục Thuế Thành phố Sóc Trăng"/>
			<Item Value ="0###81903###819###Chi cục Thuế Huyện Kế Sách"/>
			<Item Value ="0###81905###819###Chi cục Thuế Huyện Long Phú"/>
			<Item Value ="0###81906###819###Chi cục thuế Huyện Cù Lao Dung"/>
			<Item Value ="0###81907###819###Chi cục Thuế Huyện Mỹ Tú"/>
			<Item Value ="0###81909###819###Chi cục Thuế Huyện Mỹ Xuyên"/>
			<Item Value ="0###81911###819###Chi cục Thuế Huyện Thạnh Trị"/>
			<Item Value ="0###81912###819###Chi cục thuế Huyện Ngã Năm"/>
			<Item Value ="0###81913###819###Chi cục Thuế Huyện Vĩnh Châu"/>
			<Item Value ="0###81915###819###Chi cục Thuế Huyện Châu Thành"/>
			<Item Value ="0###81917###819###Chi cục Thuế Huyện Trần Đề"/>
			<Item Value ="1###82100###821###BLI - Cục Thuế Tỉnh Bạc Liêu"/>
			<Item Value ="0###82100###821###Cục Thuế Tỉnh Bạc Liêu"/>
			<Item Value ="0###82101###821###Chi cục Thuế Thành phố Bạc Liêu"/>
			<Item Value ="0###82103###821###Chi cục Thuế Huyện Hồng Dân"/>
			<Item Value ="0###82105###821###Chi cục Thuế Huyện Vĩnh Lợi"/>
			<Item Value ="0###82106###821###Chi cục thuế Huyện Hoà Bình"/>
			<Item Value ="0###82107###821###Chi cục Thuế Huyện Giá Rai"/>
			<Item Value ="0###82109###821###Chi cục Thuế Huyện Phước Long"/>
			<Item Value ="0###82111###821###Chi cục thuế Huyện Đông Hải"/>
			<Item Value ="1###82300###823###CMA - Cục Thuế Tỉnh Cà Mau"/>
			<Item Value ="0###82300###823###Cục Thuế Tỉnh Cà Mau"/>
			<Item Value ="0###82301###823###Chi cục Thuế TP Cà Mau"/>
			<Item Value ="0###82303###823###Chi cục Thuế Huyện Thới Bình"/>
			<Item Value ="0###82305###823###Chi cục Thuế Huyện U Minh"/>
			<Item Value ="0###82307###823###Chi cục Thuế Huyện Trần Văn Thời"/>
			<Item Value ="0###82308###823###Chi cục Thuế Huyện Phú Tân"/>
			<Item Value ="0###82309###823###Chi cục Thuế Huyện Cái Nước"/>
			<Item Value ="0###82311###823###Chi cục Thuế Huyện Đầm Dơi"/>
			<Item Value ="0###82312###823###Chi cục Thuế Huyện Năm Căn"/>
			<Item Value ="0###82313###823###Chi cục Thuế Huyện Ngọc Hiển"/>
		</Items>
	</Section>	
</Sections>
