<!DOCTYPE Sections SYSTEM "Schema.dtd">
<Sections >
	<Section Dynamic="0" MaxRows="0">
		<Cells>				
			<Cell CellID="Q_30" MaxLen="" MinValue="" MaxValue="" HelpContextID="80100"/>		
			<Cell CellID="Q_31" MaxLen="" MinValue="" MaxValue="" HelpContextID="80100"/>	
			<Cell CellID="Q_32" MaxLen="" MinValue="" MaxValue="" HelpContextID="80100"/>	
			<Cell CellID="Q_33" MaxLen="" MinValue="" MaxValue="" HelpContextID="80100"/>	
			<Cell CellID="Q_34" MaxLen="" MinValue="" MaxValue="" HelpContextID="80100"/>		
			<Cell CellID="Q_35" MaxLen="" MinValue="" MaxValue="" HelpContextID="80100"/>	
			<Cell CellID="Q_36" MaxLen="" MinValue="" MaxValue="" HelpContextID="80100"/>	
			<Cell CellID="Q_37" MaxLen="" MinValue="" MaxValue="" HelpContextID="80100"/>	
			<Cell CellID="Q_38" MaxLen="" MinValue="" MaxValue="" HelpContextID="80100"/>		
			<Cell CellID="Q_39" MaxLen="" MinValue="" MaxValue="" HelpContextID="80100"/>	
			<Cell CellID="Q_40" MaxLen="" MinValue="" MaxValue="" HelpContextID="80100"/>	
			<Cell CellID="Q_41" MaxLen="" MinValue="" MaxValue="" HelpContextID="80100"/>
			<Cell CellID="Q_42" MaxLen="" MinValue="" MaxValue="" HelpContextID="80100"/>
			<Cell CellID="Q_43" MaxLen="" MinValue="" MaxValue="" HelpContextID="80100"/>		
			<Cell CellID="W_30" MaxLen="15" MinValue="0" MaxValue="999999999999999" HelpContextID="80114"/>		
			<Cell CellID="W_31" MaxLen="15" MinValue="0" MaxValue="999999999999999" HelpContextID="80124"/>				
			<Cell CellID="W_33" MaxLen="15" MinValue="0" MaxValue="999999999999999" HelpContextID="801314"/>	
			<Cell CellID="W_34" MaxLen="15" MinValue="0" MaxValue="999999999999999" HelpContextID="801324"/>		
			<Cell CellID="W_35" MaxLen="15" MinValue="0" MaxValue="999999999999999" HelpContextID="80144"/>	
			<Cell CellID="W_36" MaxLen="15" MinValue="0" MaxValue="999999999999999" HelpContextID="801414"/>	
			<Cell CellID="W_37" MaxLen="15" MinValue="0" MaxValue="999999999999999" HelpContextID="801424"/>	
			<Cell CellID="W_38" MaxLen="15" MinValue="0" MaxValue="999999999999999" HelpContextID="80154"/>		
			<Cell CellID="W_39" MaxLen="15" MinValue="0" MaxValue="999999999999999" HelpContextID="80100"/>	
			<Cell CellID="W_40" MaxLen="15" MinValue="0" MaxValue="999999999999999" HelpContextID="80100"/>	
			<Cell CellID="W_41" MaxLen="15" MinValue="0" MaxValue="999999999999999" HelpContextID="80100"/>
			<Cell CellID="W_42" MaxLen="15" MinValue="0" MaxValue="999999999999999" HelpContextID="801614"/>	
			<Cell CellID="W_43" MaxLen="15" MinValue="0" MaxValue="999999999999999" HelpContextID="801624"/>			
			<Cell CellID="AF_30" MaxLen="15" MinValue="0" MaxValue="999999999999999" HelpContextID="80115"/>		
			<Cell CellID="AF_31" MaxLen="15" MinValue="0" MaxValue="999999999999999" HelpContextID="80125"/>				
			<Cell CellID="AF_33" MaxLen="15" MinValue="0" MaxValue="999999999999999" HelpContextID="801315"/>	
			<Cell CellID="AF_34" MaxLen="15" MinValue="0" MaxValue="999999999999999" HelpContextID="801325"/>		
			<Cell CellID="AF_35" MaxLen="15" MinValue="0" MaxValue="999999999999999" HelpContextID="80145"/>	
			<Cell CellID="AF_36" MaxLen="15" MinValue="0" MaxValue="999999999999999" HelpContextID="80100"/>	
			<Cell CellID="AF_37" MaxLen="15" MinValue="0" MaxValue="999999999999999" HelpContextID="80100"/>	
			<Cell CellID="AF_38" MaxLen="15" MinValue="0" MaxValue="999999999999999" HelpContextID="80154"/>		
			<Cell CellID="AF_39" MaxLen="15" MinValue="0" MaxValue="999999999999999" HelpContextID="80100"/>	
			<Cell CellID="AF_40" MaxLen="15" MinValue="0" MaxValue="999999999999999" HelpContextID="80100"/>	
			<Cell CellID="AF_41" MaxLen="15" MinValue="0" MaxValue="999999999999999" HelpContextID="80100"/>
			<Cell CellID="AF_42" MaxLen="15" MinValue="0" MaxValue="999999999999999" HelpContextID="801615"/>	
			<Cell CellID="AF_43" MaxLen="15" MinValue="0" MaxValue="999999999999999" HelpContextID="801625"/>		
			<Cell CellID="AO_30" MaxLen="" MinValue="" MaxValue="" HelpContextID="80100"/>		
			<Cell CellID="AO_31" MaxLen="" MinValue="" MaxValue="" HelpContextID="80100"/>	
			<Cell CellID="AO_32" MaxLen="" MinValue="" MaxValue="" HelpContextID="80100"/>	
			<Cell CellID="AO_33" MaxLen="" MinValue="" MaxValue="" HelpContextID="80100"/>	
			<Cell CellID="AO_34" MaxLen="" MinValue="" MaxValue="" HelpContextID="80100"/>		
			<Cell CellID="AO_35" MaxLen="" MinValue="" MaxValue="" HelpContextID="80100"/>	
			<Cell CellID="AO_36" MaxLen="" MinValue="" MaxValue="" HelpContextID="80100"/>	
			<Cell CellID="AO_37" MaxLen="" MinValue="" MaxValue="" HelpContextID="80100"/>	
			<Cell CellID="AO_38" MaxLen="" MinValue="" MaxValue="" HelpContextID="80100"/>		
			<Cell CellID="AO_39" MaxLen="" MinValue="" MaxValue="" HelpContextID="80100"/>	
			<Cell CellID="AO_40" MaxLen="" MinValue="" MaxValue="" HelpContextID="80100"/>	
			<Cell CellID="AO_41" MaxLen="" MinValue="" MaxValue="" HelpContextID="80100"/>	
			<Cell CellID="AO_42" MaxLen="" MinValue="" MaxValue="" HelpContextID="80100"/>	
			<Cell CellID="AO_43" MaxLen="" MinValue="" MaxValue="" HelpContextID="80100"/>
		</Cells>
	</Section>	
	<Section Dynamic="0" MaxRows="0">
		<Cells>
			<Cell CellID="P_47" MaxLen="" MinValue="" MaxValue="" HelpContextID="80100"/>
			<Cell CellID="P_49" MaxLen="" MinValue="" MaxValue="" HelpContextID="80100"/>						
			<Cell CellID="AQ_47" MaxLen="" MinValue="" MaxValue="" HelpContextID="80100"/>			
			<Cell CellID="AQ_49" MaxLen="" MinValue="" MaxValue="" HelpContextID="80100"/>
		</Cells>
	</Section>
</Sections>
