<!-- Edited by FIS_CMC-->
<!DOCTYPE Sections SYSTEM "Schema.dtd">
<Sections Version="313">
	<Section Dynamic="1" MaxRows="0">
		<Cells>
			<Cell CellID="C_34" MaxLen="" MinValue="" MaxValue="" HelpContextID="36121"/>
			<Cell CellID="AD_34" MaxLen="34" MinValue="" MaxValue="" HelpContextID="36121"/>
			<Cell CellID="AL_34" MaxLen="50" MinValue="" MaxValue="" HelpContextID="36121"/>
			<Cell CellID="AU_34" MaxLen="15" MinValue="0" MaxValue="999999999999999" HelpContextID="36121"/>
			<Cell CellID="BE_34" MaxLen="" MinValue="" MaxValue="" HelpContextID="36121"/>
			<Cell CellID="BK_34" MaxLen="15" MinValue="-999999999999999" MaxValue="999999999999999" HelpContextID="36121"/>
			<Cell CellID="BU_34" MaxLen="15" MinValue="0" MaxValue="999999999999999" HelpContextID="36121"/>
			<Cell CellID="BX_34" MaxLen="15" MinValue="0" MaxValue="999999999999999" HelpContextID="36121"/>
			<Cell CellID="CG_34" MaxLen="15" MinValue="0" MaxValue="999999999999999" HelpContextID="36121"/>						
		</Cells>
	</Section>
	<Section Dynamic="0" MaxRows="0">
		<Cells>	
			<Cell CellID="AU_36" MaxLen="15" MinValue="0" MaxValue="999999999999999" HelpContextID="36121"/>
			<Cell CellID="BK_36" MaxLen="15" MinValue="0" MaxValue="999999999999999" HelpContextID="36121"/>
			<Cell CellID="BX_36" MaxLen="15" MinValue="0" MaxValue="999999999999999" HelpContextID="36121"/>
			<Cell CellID="CG_36" MaxLen="15" MinValue="0" MaxValue="999999999999999" HelpContextID="36121"/>		
			<Cell CellID="AC_46" MaxLen="" MinValue="" MaxValue="" HelpContextID="36121"/>			
			<Cell CellID="Q_48" MaxLen="" MinValue="" MaxValue="" HelpContextID="36121"/>		
			<Cell CellID="Q_50" MaxLen="" MinValue="" MaxValue="" HelpContextID="36121"/>
			<Cell CellID="BG_48" MaxLen="" MinValue="" MaxValue="" HelpContextID="36121"/>			
			<Cell CellID="BG_50" MaxLen="" MinValue="" MaxValue="" HelpContextID="36121"/>		
		</Cells>
	</Section>
</Sections>
