<!DOCTYPE Sections SYSTEM "Schema.dtd">
<Sections >

	<Section Dynamic="0" MaxRows="0">
		<Cells>
			<Cell CellID="O_30" MaxLen="" MinValue="" MaxValue="" HelpContextID="36121"/>		
			<Cell CellID="O_31" MaxLen="" MinValue="" MaxValue="" HelpContextID="36121"/>
			<Cell CellID="O_32" MaxLen="" MinValue="" MaxValue="" HelpContextID="36121"/>			
			<Cell CellID="O_33" MaxLen="" MinValue="" MaxValue="" HelpContextID="36121"/>
			<Cell CellID="O_34" MaxLen="" MinValue="" MaxValue="" HelpContextID="36121"/>
			<Cell CellID="O_35" MaxLen="" MinValue="" MaxValue="" HelpContextID="36121"/>	

			<Cell CellID="T_30" MaxLen="15" MinValue="0" MaxValue="999999999999999" HelpContextID="36122"/>		
			<Cell CellID="T_31" MaxLen="15" MinValue="0" MaxValue="999999999999999" HelpContextID="36122"/>
			<Cell CellID="T_32" MaxLen="15" MinValue="0" MaxValue="999999999999999" HelpContextID="36122"/>			
			<Cell CellID="T_33" MaxLen="15" MinValue="0" MaxValue="999999999999999" HelpContextID="36122"/>
			<Cell CellID="T_34" MaxLen="15" MinValue="0" MaxValue="999999999999999" HelpContextID="36122"/>
			<Cell CellID="T_35" MaxLen="15" MinValue="0" MaxValue="999999999999999" HelpContextID="36122"/>
			
			<Cell CellID="AB_30" MaxLen="15" MinValue="0" MaxValue="999999999999999" HelpContextID="36122"/>		
			<Cell CellID="AB_31" MaxLen="15" MinValue="0" MaxValue="999999999999999" HelpContextID="36122"/>
			<Cell CellID="AB_32" MaxLen="15" MinValue="0" MaxValue="999999999999999" HelpContextID="36122"/>			
			<Cell CellID="AB_33" MaxLen="15" MinValue="0" MaxValue="999999999999999" HelpContextID="36122"/>
			<Cell CellID="AB_34" MaxLen="15" MinValue="0" MaxValue="999999999999999" HelpContextID="36122"/>
			<Cell CellID="AB_35" MaxLen="15" MinValue="0" MaxValue="999999999999999" HelpContextID="36122"/>
			
			<Cell CellID="AJ_30" MaxLen="" MinValue="" MaxValue="" HelpContextID="36121"/>		
			<Cell CellID="AJ_31" MaxLen="" MinValue="" MaxValue="" HelpContextID="36121"/>
			<Cell CellID="AJ_32" MaxLen="" MinValue="" MaxValue="" HelpContextID="36121"/>			
			<Cell CellID="AJ_33" MaxLen="" MinValue="" MaxValue="" HelpContextID="36121"/>
			<Cell CellID="AJ_34" MaxLen="" MinValue="" MaxValue="" HelpContextID="36121"/>
			<Cell CellID="AJ_35" MaxLen="" MinValue="" MaxValue="" HelpContextID="36121"/>
		</Cells>
	</Section>
		<Section Dynamic="0" MaxRows="0">
		<Cells>
			<Cell CellID="M_43" MaxLen="" MinValue="" MaxValue="" HelpContextID="36121"/>
			<Cell CellID="M_45" MaxLen="" MinValue="" MaxValue="" HelpContextID="36121"/>
			<Cell CellID="AL_43" MaxLen="" MinValue="" MaxValue="" HelpContextID="36121"/>
			<Cell CellID="AL_45" MaxLen="" MinValue="" MaxValue="" HelpContextID="36121"/>			
		</Cells>
	</Section>
	

</Sections>
