<!-- edited with XML Spy v4.1 U (http://www.xmlspy.com) by CMCSOFT -->
<!DOCTYPE Sections SYSTEM "Schema.dtd">
<Sections Version="120">
	<Section Dynamic="0" MaxRows="0">
		<Cells>
			<Cell CellID="B_2" HelpContextID="0"/>
			<Cell CellID="B_4" HelpContextID="0"/>
			<Cell CellID="B_5" HelpContextID="0"/>
			<Cell CellID="B_7" HelpContextID="0"/>
			<Cell CellID="B_8" HelpContextID="0"/>
			<Cell CellID="B_9" HelpContextID="0"/>
			<Cell CellID="B_11" HelpContextID="0"/>
			<Cell CellID="B_12" HelpContextID="0"/>
			<Cell CellID="B_13" HelpContextID="0"/>
			<Cell CellID="B_15" HelpContextID="0"/>
			<Cell CellID="B_16" HelpContextID="0"/>
			<Cell CellID="B_17" HelpContextID="0"/>
			<Cell CellID="B_18" HelpContextID="0"/>
			<Cell CellID="B_19" HelpContextID="0"/>
			<Cell CellID="B_20" HelpContextID="0"/>
			<Cell CellID="B_21" HelpContextID="0"/>
			<Cell CellID="B_22" HelpContextID="0"/>
			<Cell CellID="B_23" HelpContextID="0"/>
			<Cell CellID="B_24" HelpContextID="0"/>
			<Cell CellID="B_25" HelpContextID="0"/>
			<Cell CellID="B_26" HelpContextID="0"/>
		</Cells>
	</Section>
</Sections>
