﻿<Sections Version="130">
	<Section Dynamic="0" MaxRows="0">
		<Items>
			<Item Value ="01###- Thương mại: phân phối, cung cấp hàng hóa, nguyên liệu, vật tư, máy móc, thiết bị gắn với dịch vụ tại Việt Nam###1"/>
			<Item Value ="02###- Dịch vụ cho thuê máy móc, thiết bị bảo hiểm###5"/>
			<Item Value ="03###- Xây dựng###2"/>
			<Item Value ="04###- Hoạt động sản xuất, kinh doanh khác, vận chuyển (bao gồm vận chuyển đường biển và vận chuyển hàng không)###2"/>
			<Item Value ="05###- Cho thuê tàu bay, động cơ tàu bay, phụ tùng tàu bay, tàu biển###2"/>
			<Item Value ="06###- Tái bảo hiểm###2"/>
			<Item Value ="07###- Chuyển nhượng chứng khoán###0,1" />
			<Item Value ="08###- Lãi tiền vay###10" />
			<Item Value ="09###- Thu nhập bản quyền###10"/>															
		</Items>
	</Section>	
</Sections>