﻿<?xml version="1.0" encoding="UTF-8"?>
<root_of_bangke>
	<set_data>
		<font_name>Tahoma</font_name>
		<font_size>10</font_size>
		<Row1>9</Row1>
		<Row2>15</Row2>
		<Col>2</Col>
		<count>2</count>
	</set_data>
	<cell c1="2" c2="2" type="13" numDec="0"/>
	<cell c1="3" c2="3" type="0" numDec="0"/>
	<cell c1="5" c2="4" type="13" numDec="0"/>
	<cell c1="7" c2="5" type="13" numDec="0"/>
	<cell c1="8" c2="6" type="13" numDec="0"/>
	<cell c1="9" c2="7" type="13" numDec="0"/>
	<cell c1="10" c2="8" type="13" numDec="0"/>
	<cell c1="11" c2="9" type="13" numDec="0"/>
	<cell c1="12" c2="10" type="13" numDec="0"/>	
	<cell c1="13" c2="11" type="13" numDec="0"/>
	<cell c1="14" c2="12" type="13" numDec="0"/>	
	<cell c1="15" c2="13" type="13" numDec="0"/>
	<cell c1="16" c2="14" type="0" numDec="0"/>	
</root_of_bangke>