﻿<?xml version="1.0" encoding="UTF-8"?>
<root_of_bangke>
	<set_data>
		<font_name>Tahoma</font_name>
		<font_size>10</font_size>
		<Row1>21</Row1>
		<Row2>21</Row2>
		<Col>3</Col>
		<count>1</count>
	</set_data>
	<cell c1="3" c2="3" type="0" numDec="0"/>
	<cell c1="4" c2="4" type="0" numDec="0"/>
	<cell c1="5" c2="5" type="13" numDec="0"/>
	<cell c1="6" c2="6" type="13" numDec="0"/>
	<cell c1="7" c2="7" type="13" numDec="0"/>
	<cell c1="8" c2="8" type="13" numDec="0"/>
	<cell c1="9" c2="9" type="13" numDec="0"/>	
</root_of_bangke>