<?xml version="1.0" encoding="utf-8"?>
<Envelope xmlns:xsi="http://www.w3.org/2001/XMLSchema-instance" xmlns:xsd="http://www.w3.org/2001/XMLSchema">
  <Headers />
  <Body>
    <Section>
      <ListCells>
        <Cells>
          <ListCell>
            <Cell CellID="C_5" Value="251###010102###Sắt###Kg###10###0###1" Total="0" notRound="0" />
            <Cell CellID="B_5" Value="1" Total="0" notRound="0" />
            <Cell CellID="C_6" Value="252###010103###Măng-gan###Kg###11###0###1" Total="0" notRound="0" />
            <Cell CellID="B_6" Value="1" Total="0" notRound="0" />
            <Cell CellID="C_7" Value="253###010104###Ti-tan (titan)###Kg###11###0###1" Total="0" notRound="0" />
            <Cell CellID="B_7" Value="1" Total="0" notRound="0" />
            <Cell CellID="C_9" Value="255###010207###Vàng###Kg###15###0###1" Total="0" notRound="0" />
            <Cell CellID="B_9" Value="1" Total="0" notRound="0" />
            <Cell CellID="C_10" Value="256###010203###Đất hiếm###Kg###15###0###1" Total="0" notRound="0" />
            <Cell CellID="B_10" Value="1" Total="0" notRound="0" />
            <Cell CellID="C_11" Value="257###010208###Bạch kim###Kg###10###0###1" Total="0" notRound="0" />
            <Cell CellID="B_11" Value="1" Total="0" notRound="0" />
            <Cell CellID="C_12" Value="258###010209###Bạc###Kg###10###0###1" Total="0" notRound="0" />
            <Cell CellID="B_12" Value="1" Total="0" notRound="0" />
            <Cell CellID="C_13" Value="259###010210###Thiếc###Kg###10###0###1" Total="0" notRound="0" />
            <Cell CellID="B_13" Value="1" Total="0" notRound="0" />
            <Cell CellID="C_14" Value="260###010211###Vôn-phờ-ram (wolfram), ăng-ti-moan (antimoan)###Kg###10###0###1" Total="0" notRound="0" />
            <Cell CellID="B_14" Value="1" Total="0" notRound="0" />
            <Cell CellID="C_15" Value="261###010212###Chì, kẽm###Kg###10###0###1" Total="0" notRound="0" />
            <Cell CellID="B_15" Value="1" Total="0" notRound="0" />
            <Cell CellID="C_16" Value="262###010213###Nhôm, bô-xít (bouxite)###Kg###12###0###1" Total="0" notRound="0" />
            <Cell CellID="B_16" Value="1" Total="0" notRound="0" />
            <Cell CellID="C_17" Value="263###010214###Đồng, ni-ken (niken)###Kg###10###0###1" Total="0" notRound="0" />
            <Cell CellID="B_17" Value="1" Total="0" notRound="0" />
            <Cell CellID="C_18" Value="264###010215###Cô-ban (coban), mô-lip-đen (molipden), thuỷ ngân, ma-nhê (magie), va-na-đi (vanadi)###Kg###10###0###1" Total="0" notRound="0" />
            <Cell CellID="B_18" Value="1" Total="0" notRound="0" />
            <Cell CellID="C_19" Value="265###0103###Khoáng sản kim loại khác###Kg###10###0###1" Total="0" notRound="0" />
            <Cell CellID="B_19" Value="1" Total="0" notRound="0" />
            <Cell CellID="C_22" Value="268###020101###Đất khai thác để san lấp, xây dựng công trình###M3###4###0###1" Total="0" notRound="0" />
            <Cell CellID="B_22" Value="1" Total="0" notRound="0" />
            <Cell CellID="C_23" Value="269###020102###Đá, sỏi###M3###6###0###1" Total="0" notRound="0" />
            <Cell CellID="B_23" Value="1" Total="0" notRound="0" />
            <Cell CellID="C_24" Value="270###020103###Đá nung vôi và sản xuất xi măng###M3###7###0###1" Total="0" notRound="0" />
            <Cell CellID="B_24" Value="1" Total="0" notRound="0" />
            <Cell CellID="C_25" Value="271###020104###Cát###M3###10###0###1" Total="0" notRound="0" />
            <Cell CellID="B_25" Value="1" Total="0" notRound="0" />
            <Cell CellID="C_26" Value="272###020105###Cát làm thuỷ tinh###M3###11###0###1" Total="0" notRound="0" />
            <Cell CellID="B_26" Value="1" Total="0" notRound="0" />
            <Cell CellID="C_27" Value="273###020106###Đất làm gạch###M3###7###0###1" Total="0" notRound="0" />
            <Cell CellID="B_27" Value="1" Total="0" notRound="0" />
            <Cell CellID="C_29" Value="275###020202###Gờ-ra-nít (granite)###M3###10###0###1" Total="0" notRound="0" />
            <Cell CellID="B_29" Value="1" Total="0" notRound="0" />
            <Cell CellID="C_30" Value="276###020203###Sét chịu lửa###M3###10###0###1" Total="0" notRound="0" />
            <Cell CellID="B_30" Value="1" Total="0" notRound="0" />
            <Cell CellID="C_31" Value="277###020204###Đô-lô-mít (dolomite), quắc-zít (quartzite)###M3###12###0###1" Total="0" notRound="0" />
            <Cell CellID="B_31" Value="1" Total="0" notRound="0" />
            <Cell CellID="C_33" Value="279###020303###Cao lanh###M3###10###0###1" Total="0" notRound="0" />
            <Cell CellID="B_33" Value="1" Total="0" notRound="0" />
            <Cell CellID="C_34" Value="280###020304###Mi-ca (mica), thạch anh kỹ thuật###M3###10###0###1" Total="0" notRound="0" />
            <Cell CellID="B_34" Value="1" Total="0" notRound="0" />
            <Cell CellID="C_35" Value="281###020305###Pi-rít (pirite), phốt-pho-rít (phosphorite)###M3###7###0###1" Total="0" notRound="0" />
            <Cell CellID="B_35" Value="1" Total="0" notRound="0" />
            <Cell CellID="C_36" Value="282###020302###A-pa-tít (apatit), séc-păng-tin (secpentin)###M3###3###0###1" Total="0" notRound="0" />
            <Cell CellID="B_36" Value="1" Total="0" notRound="0" />
            <Cell CellID="C_38" Value="284###0301###Than an-tra-xít (antraxit) hầm lò###Tấn###5###0###1" Total="0" notRound="0" />
            <Cell CellID="B_38" Value="1" Total="0" notRound="0" />
            <Cell CellID="C_39" Value="285###0302###Than an-tra-xít (antraxit) lộ thiên###Tấn###7###0###1" Total="0" notRound="0" />
            <Cell CellID="B_39" Value="1" Total="0" notRound="0" />
            <Cell CellID="C_40" Value="286###0303###Than nâu, than mỡ###Tấn###7###0###1" Total="0" notRound="0" />
            <Cell CellID="B_40" Value="1" Total="0" notRound="0" />
            <Cell CellID="C_41" Value="287###0304###Than khác###Tấn###5###0###1" Total="0" notRound="0" />
            <Cell CellID="B_41" Value="1" Total="0" notRound="0" />
            <Cell CellID="C_43" Value="289###0401###Kim cương, ru-bi (rubi), sa-phia (sapphire)###M3###22###0###1" Total="0" notRound="0" />
            <Cell CellID="B_43" Value="1" Total="0" notRound="0" />
            <Cell CellID="C_44" Value="290###0405###E-mô-rốt (emerald), a-lếch-xan-đờ-rít (alexandrite), ô-pan (opan) quý màu đen###M3###20###0###1" Total="0" notRound="0" />
            <Cell CellID="B_44" Value="1" Total="0" notRound="0" />
            <Cell CellID="C_45" Value="291###0406###A-dít, rô-đô-lít (rodolite), py-rốp (pyrope), bê-rin (berin), sờ-pi-nen (spinen), tô-paz (topaz)###M3###15###0###1" Total="0" notRound="0" />
            <Cell CellID="B_45" Value="1" Total="0" notRound="0" />
            <Cell CellID="C_46" Value="292###0407###Thạch anh tinh thể màu tím xanh, vàng lục, da cam; cờ-ri-ô-lít (cryolite); ô-pan (opan) quý màu trắng, đỏ lửa; phen-sờ-phát (fenspat); birusa; nê-phờ-rít (nefrite)###M3###15###0###1" Total="0" notRound="0" />
            <Cell CellID="B_46" Value="1" Total="0" notRound="0" />
            <Cell CellID="C_47" Value="293###0404###Khoáng sản không kim loại khác###M3###5###0###1" Total="0" notRound="0" />
            <Cell CellID="B_47" Value="1" Total="0" notRound="0" />
            <Cell CellID="C_50" Value="296###050101###Đến 20.000 thùng/ngày###Tấn###7###0###1" Total="0" notRound="0" />
            <Cell CellID="B_50" Value="1" Total="0" notRound="0" />
            <Cell CellID="C_51" Value="297###050102###Trên 20.000 thùng đến 50.000 thùng/ngày###Tấn###9###0###1" Total="0" notRound="0" />
            <Cell CellID="B_51" Value="1" Total="0" notRound="0" />
            <Cell CellID="C_52" Value="298###050103###Trên 50.000 thùng đến 75.000 thùng/ngày###Tấn###11###0###1" Total="0" notRound="0" />
            <Cell CellID="B_52" Value="1" Total="0" notRound="0" />
            <Cell CellID="C_53" Value="299###050104###Trên 75.000 thùng đến 100.000 thùng/ngày###Tấn###13###0###1" Total="0" notRound="0" />
            <Cell CellID="B_53" Value="1" Total="0" notRound="0" />
            <Cell CellID="C_54" Value="300###050105###Trên 100.000 thùng đến 150.000 thùng/ngày###Tấn###18###0###1" Total="0" notRound="0" />
            <Cell CellID="B_54" Value="1" Total="0" notRound="0" />
            <Cell CellID="C_55" Value="301###050106###Trên 150.000 thùng/ngày###Tấn###23###0###1" Total="0" notRound="0" />
            <Cell CellID="B_55" Value="1" Total="0" notRound="0" />
            <Cell CellID="C_57" Value="303###050201###Đến 20.000 thùng/ngày đối với DA khác###Tấn###10###0###1" Total="0" notRound="0" />
            <Cell CellID="B_57" Value="1" Total="0" notRound="0" />
            <Cell CellID="C_58" Value="304###050202###Trên 20.000 thùng đến 50.000 thùng/ngày đối với DA khác###Tấn###12###0###1" Total="0" notRound="0" />
            <Cell CellID="B_58" Value="1" Total="0" notRound="0" />
            <Cell CellID="C_59" Value="305###050203###Trên 50.000 thùng đến 75.000 thùng/ngày đối với DA khác###Tấn###14###0###1" Total="0" notRound="0" />
            <Cell CellID="B_59" Value="1" Total="0" notRound="0" />
            <Cell CellID="C_60" Value="306###050204###Trên 75.000 thùng đến 100.000 thùng/ngày đối với DA khác###Tấn###19###0###1" Total="0" notRound="0" />
            <Cell CellID="B_60" Value="1" Total="0" notRound="0" />
            <Cell CellID="C_61" Value="307###050205###Trên 100.000 thùng đến 150.000 thùng/ngày đối với DA khác###Tấn###24###0###1" Total="0" notRound="0" />
            <Cell CellID="B_61" Value="1" Total="0" notRound="0" />
            <Cell CellID="C_62" Value="308###050206###Trên 150.000 thùng/ngày đối với DA khác###Tấn###29###0###1" Total="0" notRound="0" />
            <Cell CellID="B_62" Value="1" Total="0" notRound="0" />
            <Cell CellID="C_65" Value="311###060101###Đến 5 triệu m3/ngày đối với DAKKĐT###M3###1###0###1" Total="0" notRound="0" />
            <Cell CellID="B_65" Value="1" Total="0" notRound="0" />
            <Cell CellID="C_66" Value="312###060102###Trên 5 triệu m3 đến 10 triệu m3/ngày đối với DAKKĐT###M3###3###0###1" Total="0" notRound="0" />
            <Cell CellID="B_66" Value="1" Total="0" notRound="0" />
            <Cell CellID="C_67" Value="313###060103###Trên 10 triệu m3/ngày đối với DAKKĐT###M3###6###0###1" Total="0" notRound="0" />
            <Cell CellID="B_67" Value="1" Total="0" notRound="0" />
            <Cell CellID="C_69" Value="315###060201###Đến 5 triệu m3/ngày đối với DA khác###M3###2###0###1" Total="0" notRound="0" />
            <Cell CellID="B_69" Value="1" Total="0" notRound="0" />
            <Cell CellID="C_70" Value="316###060202###Trên 5 triệu m3 đến 10 triệu m3/ngày đối với DA khác###M3###5###0###1" Total="0" notRound="0" />
            <Cell CellID="B_70" Value="1" Total="0" notRound="0" />
            <Cell CellID="C_71" Value="317###060203###Trên 10 triệu m3/ngày đối với DA khác###M3###10###0###1" Total="0" notRound="0" />
            <Cell CellID="B_71" Value="1" Total="0" notRound="0" />
            <Cell CellID="C_74" Value="320###070101###Gỗ nhóm I###M3###35###0###1" Total="0" notRound="0" />
            <Cell CellID="B_74" Value="1" Total="0" notRound="0" />
            <Cell CellID="C_75" Value="321###070102###Gỗ nhóm II###M3###30###0###1" Total="0" notRound="0" />
            <Cell CellID="B_75" Value="1" Total="0" notRound="0" />
            <Cell CellID="C_76" Value="322###070103###Gỗ nhóm III, IV###M3###20###0###1" Total="0" notRound="0" />
            <Cell CellID="B_76" Value="1" Total="0" notRound="0" />
            <Cell CellID="C_77" Value="323###070104###Gỗ nhóm V, VI, VII, VIII và các loại gỗ khác###M3###15###0###1" Total="0" notRound="0" />
            <Cell CellID="B_77" Value="1" Total="0" notRound="0" />
            <Cell CellID="C_79" Value="325###070601###Cành, ngọn, gốc, rễ###M3###10###0###1" Total="0" notRound="0" />
            <Cell CellID="B_79" Value="1" Total="0" notRound="0" />
            <Cell CellID="C_80" Value="326###070602###Củi###M3###5###0###1" Total="0" notRound="0" />
            <Cell CellID="B_80" Value="1" Total="0" notRound="0" />
            <Cell CellID="C_81" Value="327###0707###Tre, trúc, nứa, mai, giang, tranh, vầu, lồ ô###M3###10###0###1" Total="0" notRound="0" />
            <Cell CellID="B_81" Value="1" Total="0" notRound="0" />
            <Cell CellID="C_83" Value="329###070801###Trầm hương, kỳ nam###Kg###25###0###1" Total="0" notRound="0" />
            <Cell CellID="B_83" Value="1" Total="0" notRound="0" />
            <Cell CellID="C_84" Value="330###070802###Hồi, quế, sa nhân, thảo quả###Kg###10###0###1" Total="0" notRound="0" />
            <Cell CellID="B_84" Value="1" Total="0" notRound="0" />
            <Cell CellID="C_85" Value="331###0709###Sản phẩm khác của rừng tự nhiên###Kg###5###0###1" Total="0" notRound="0" />
            <Cell CellID="B_85" Value="1" Total="0" notRound="0" />
            <Cell CellID="C_87" Value="333###0801###Ngọc trai, bào ngư, hải sâm###Kg###10###0###1" Total="0" notRound="0" />
            <Cell CellID="B_87" Value="1" Total="0" notRound="0" />
            <Cell CellID="C_88" Value="334###0802###Hải sản tự nhiên khác###Kg###2###0###1" Total="0" notRound="0" />
            <Cell CellID="B_88" Value="1" Total="0" notRound="0" />
            <Cell CellID="C_90" Value="336###0901###Nước khoáng thiên nhiên, nước nóng thiên nhiên, nước thiên nhiên tinh lọc đóng chai, đóng hộp###M3###8###0###1" Total="0" notRound="0" />
            <Cell CellID="B_90" Value="1" Total="0" notRound="0" />
            <Cell CellID="C_91" Value="337###0902###Nước thiên nhiên dùng cho sản xuất thủy điện###KWh###2###0###1" Total="0" notRound="0" />
            <Cell CellID="B_91" Value="1" Total="0" notRound="0" />
            <Cell CellID="C_94" Value="340###09030101###Sử dụng nước mặt làm nguyên liệu###M3###3###0###1" Total="0" notRound="0" />
            <Cell CellID="B_94" Value="1" Total="0" notRound="0" />
            <Cell CellID="C_95" Value="341###09030102###Sử dụng nước dưới đất làm nguyên liệu###M3###5###0###1" Total="0" notRound="0" />
            <Cell CellID="B_95" Value="1" Total="0" notRound="0" />
            <Cell CellID="C_97" Value="343###09030201###Sử dụng nước mặt phục vụ sản xuất###M3###1###0###1" Total="0" notRound="0" />
            <Cell CellID="B_97" Value="1" Total="0" notRound="0" />
            <Cell CellID="C_98" Value="344###09030202###Sử dụng nước dưới đất phục vụ sản xuất###M3###3###0###1" Total="0" notRound="0" />
            <Cell CellID="B_98" Value="1" Total="0" notRound="0" />
            <Cell CellID="C_101" Value="347###09040101###Sử dụng nước mặt khai thác dùng cho hoạt động dịch vụ, sản xuất công nghiệp, xây dựng, khai khoáng###M3###3###0###1" Total="0" notRound="0" />
            <Cell CellID="B_101" Value="1" Total="0" notRound="0" />
            <Cell CellID="C_102" Value="348###09040102###Sử dụng nước dưới đất dùng cho hoạt động dịch vụ, sản xuất công nghiệp, xây dựng, khai khoáng###M3###6###0###1" Total="0" notRound="0" />
            <Cell CellID="B_102" Value="1" Total="0" notRound="0" />
            <Cell CellID="C_104" Value="350###09040201###Sử dụng nước mặt khai thác dùng vào mục đích khác###M3###1###0###1" Total="0" notRound="0" />
            <Cell CellID="B_104" Value="1" Total="0" notRound="0" />
            <Cell CellID="C_105" Value="351###09040202###Sử dụng nước dưới đất khai thác dùng vào mục đích khác###M3###3###0###1" Total="0" notRound="0" />
            <Cell CellID="B_105" Value="1" Total="0" notRound="0" />
            <Cell CellID="C_107" Value="353###1001###Yến sào thiên nhiên###Kg###20###0###1" Total="0" notRound="0" />
            <Cell CellID="B_107" Value="1" Total="0" notRound="0" />
            <Cell CellID="C_109" Value="355###1101###Tài nguyên khác###Kg###10###0###1" Total="0" notRound="0" />
            <Cell CellID="B_109" Value="1" Total="0" notRound="0" />
          </ListCell>
        </Cells>
      </ListCells>
    </Section>
  </Body>
  <Footer />
</Envelope>