<?xml version="1.0" encoding="utf-8"?>
<Envelope xmlns:xsi="http://www.w3.org/2001/XMLSchema-instance" xmlns:xsd="http://www.w3.org/2001/XMLSchema">
  <Headers />
  <Body>
    <Section>
      <ListCells>
        <Cells>
          <ListCell>
            <Cell CellID="C_4" Value="573###10101###    Xì gà###Bao###65###0###0###1" Total="0" notRound="0" />
            <Cell CellID="B_4" Value="chk" Total="0" notRound="0" />
            <Cell CellID="C_5" Value="574###10102###    Thuốc lá điếu###Bao###65###0###0###1" Total="0" notRound="0" />
            <Cell CellID="B_5" Value="chk" Total="0" notRound="0" />
            <Cell CellID="C_6" Value="575###10103###    Các chế phẩm khác từ cây thuốc lá######65###0###0###1" Total="0" notRound="0" />
            <Cell CellID="B_6" Value="chk" Total="0" notRound="0" />
            <Cell CellID="C_8" Value="577###10200###    Rượu từ 20 độ trở lên###Lít###45###0###0###1" Total="0" notRound="0" />
            <Cell CellID="B_8" Value="chk" Total="0" notRound="0" />
            <Cell CellID="C_9" Value="578###10203###    Rượu dưới 20 độ, rượu hoa quả, rượu thuốc###Lít###25###0###0###1" Total="0" notRound="0" />
            <Cell CellID="B_9" Value="chk" Total="0" notRound="0" />
            <Cell CellID="C_10" Value="579###10300###    Bia###Lít###45###0###0###1" Total="0" notRound="0" />
            <Cell CellID="B_10" Value="chk" Total="0" notRound="0" />
            <Cell CellID="C_14" Value="583###104040101###            Loại có dung tích xi lanh từ 2.000 cm3 trở xuống###Cái###45###0###0###1" Total="0" notRound="0" />
            <Cell CellID="B_14" Value="chk" Total="0" notRound="0" />
            <Cell CellID="C_15" Value="584###104040102###            Loại có dung tích xi lanh trên 2.000 cm3 đến 3.000 cm3###Cái###50###0###0###1" Total="0" notRound="0" />
            <Cell CellID="B_15" Value="chk" Total="0" notRound="0" />
            <Cell CellID="C_16" Value="585###104040103###            Loại có dung tích xi lanh trên 3.000 cm3###Cái###60###0###0###1" Total="0" notRound="0" />
            <Cell CellID="B_16" Value="chk" Total="0" notRound="0" />
            <Cell CellID="C_17" Value="586###1040402###        Xe ô tô chở người từ 10 đến dưới 16 chỗ###Cái###30###0###0###1" Total="0" notRound="0" />
            <Cell CellID="B_17" Value="chk" Total="0" notRound="0" />
            <Cell CellID="C_18" Value="587###1040403###        Xe ô tô chở người từ 16 đến dưới 24 chỗ ngồi###Cái###15###0###0###1" Total="0" notRound="0" />
            <Cell CellID="B_18" Value="chk" Total="0" notRound="0" />
            <Cell CellID="C_19" Value="588###1040404###        Xe ô tô vừa chở người, vừa chở hàng###Cái###15###0###0###1" Total="0" notRound="0" />
            <Cell CellID="B_19" Value="chk" Total="0" notRound="0" />
            <Cell CellID="C_22" Value="591###10404050101###            Loại có dung tích xi lanh từ 2.000 cm3 trở xuống###Cái###31.5###0###0###1" Total="0" notRound="0" />
            <Cell CellID="B_22" Value="chk" Total="0" notRound="0" />
            <Cell CellID="C_23" Value="592###10404050102###            Loại có dung tích xi lanh trên 2.000 cm3 đến 3.000 cm3###Cái###35###0###0###1" Total="0" notRound="0" />
            <Cell CellID="B_23" Value="chk" Total="0" notRound="0" />
            <Cell CellID="C_24" Value="593###10404050103###            Loại có dung tích xi lanh trên 3.000 cm3###Cái###42###0###0###1" Total="0" notRound="0" />
            <Cell CellID="B_24" Value="chk" Total="0" notRound="0" />
            <Cell CellID="C_25" Value="594###104040502###        Xe ô tô chở người từ 10 đến dưới 16 chỗ###Cái###21###0###0###1" Total="0" notRound="0" />
            <Cell CellID="B_25" Value="chk" Total="0" notRound="0" />
            <Cell CellID="C_26" Value="595###104040503###        Xe ô tô chở người từ 16 đến dưới 24 chỗ###Cái###10.5###0###0###1" Total="0" notRound="0" />
            <Cell CellID="B_26" Value="chk" Total="0" notRound="0" />
            <Cell CellID="C_27" Value="596###104040504###        Xe ô tô vừa chở người, vừa chở hàng###Cái###10.5###0###0###1" Total="0" notRound="0" />
            <Cell CellID="B_27" Value="chk" Total="0" notRound="0" />
            <Cell CellID="C_30" Value="599###10404060101###            Loại có dung tích xi lanh từ 2.000 cm3 trở xuống###Cái###22.5###0###0###1" Total="0" notRound="0" />
            <Cell CellID="B_30" Value="chk" Total="0" notRound="0" />
            <Cell CellID="C_31" Value="600###10404060102###            Loại có dung tích xi lanh trên 2.000 cm3 đến 3.000 cm3###Cái###25###0###0###1" Total="0" notRound="0" />
            <Cell CellID="B_31" Value="chk" Total="0" notRound="0" />
            <Cell CellID="C_32" Value="601###10404060103###            Loại có dung tích xi lanh trên 3.000 cm3###Cái###30###0###0###1" Total="0" notRound="0" />
            <Cell CellID="B_32" Value="chk" Total="0" notRound="0" />
            <Cell CellID="C_33" Value="602###104040602###        Xe ô tô chở người từ 10 đến dưới 16 chỗ###Cái###15###0###0###1" Total="0" notRound="0" />
            <Cell CellID="B_33" Value="chk" Total="0" notRound="0" />
            <Cell CellID="C_34" Value="603###104040603###        Xe ô tô chở người từ 16 đến dưới 24 chỗ###Cái###7.5###0###0###1" Total="0" notRound="0" />
            <Cell CellID="B_34" Value="chk" Total="0" notRound="0" />
            <Cell CellID="C_35" Value="604###104040604###        Xe ô tô vừa chở người, vừa chở hàng###Cái###7.5###0###0###1" Total="0" notRound="0" />
            <Cell CellID="B_35" Value="chk" Total="0" notRound="0" />
            <Cell CellID="C_37" Value="606###104040701###        Loại chở người từ 9 chỗ trở xuống###Cái###25###0###0###1" Total="0" notRound="0" />
            <Cell CellID="B_37" Value="chk" Total="0" notRound="0" />
            <Cell CellID="C_38" Value="607###104040702###        Loại chở người từ 10 đến dưới 16 chỗ###Cái###15###0###0###1" Total="0" notRound="0" />
            <Cell CellID="B_38" Value="chk" Total="0" notRound="0" />
            <Cell CellID="C_39" Value="608###104040703###        Loại chở người từ 16 đến dưới 24 chỗ###Cái###10###0###0###1" Total="0" notRound="0" />
            <Cell CellID="B_39" Value="chk" Total="0" notRound="0" />
            <Cell CellID="C_40" Value="609###104040704###        Loại thiết kế vừa chở người, vừa chở hàng###Cái###10###0###0###1" Total="0" notRound="0" />
            <Cell CellID="B_5" Value="chk" Total="0" notRound="0" />
            <Cell CellID="C_41" Value="610###10900###Xe mô tô hai bánh, xe mô tô ba bánh có dung tích xi lanh trên 125 cm3###Cái###20###0###0###1" Total="0" notRound="0" />
            <Cell CellID="B_41" Value="chk" Total="0" notRound="0" />
            <Cell CellID="C_42" Value="611###11000###Tàu bay###Chiếc###30###0###0###1" Total="0" notRound="0" />
            <Cell CellID="B_42" Value="chk" Total="0" notRound="0" />
            <Cell CellID="C_43" Value="612###11100###Du thuyền###Chiếc###30###0###1###1" Total="0" notRound="0" />
            <Cell CellID="B_43" Value="chk" Total="0" notRound="0" />
            <Cell CellID="C_44" Value="613###10500###Xăng các loại, nap-ta, chế phẩm tái hợp và các chế phẩm khác để pha chế xăng###Lít###10###0###1###1" Total="0" notRound="0" />
            <Cell CellID="B_44" Value="chk" Total="0" notRound="0" />
            <Cell CellID="C_45" Value="614###10600###Điều hoà nhiệt độ công suất từ 90.000 BTU trở xuống###Cái###10###0###0###1" Total="0" notRound="0" />
            <Cell CellID="B_45" Value="chk" Total="0" notRound="0" />
            <Cell CellID="C_46" Value="615###10700###Bài lá######40###0###0###1" Total="0" notRound="0" />
            <Cell CellID="B_46" Value="chk" Total="0" notRound="0" />
            <Cell CellID="C_47" Value="616###10800###Vàng mã, hàng mã######70###0###0###1" Total="0" notRound="0" />
            <Cell CellID="B_47" Value="chk" Total="0" notRound="0" />
            <Cell CellID="C_49" Value="619###20101###    Kinh doanh vũ trường######40###0###1###1" Total="0" notRound="0" />
            <Cell CellID="B_49" Value="chk" Total="0" notRound="0" />
            <Cell CellID="C_50" Value="620###20102###    Kinh doanh mát-xa, ka-ra-ô-kê######30###0###1###1" Total="0" notRound="0" />
            <Cell CellID="B_50" Value="chk" Total="0" notRound="0" />
            <Cell CellID="C_51" Value="621###20200###Kinh doanh ca-si-nô, trò chơi điện tử có thưởng ######30###0###1###1" Total="0" notRound="0" />
            <Cell CellID="B_51" Value="chk" Total="0" notRound="0" />
            <Cell CellID="C_52" Value="622###20300###Kinh doanh đặt cược######30###0###1###1" Total="0" notRound="0" />
            <Cell CellID="B_52" Value="chk" Total="0" notRound="0" />
            <Cell CellID="C_53" Value="623###20400###Kinh doanh gôn######20###0###1###1" Total="0" notRound="0" />
            <Cell CellID="B_53" Value="chk" Total="0" notRound="0" />
            <Cell CellID="C_54" Value="631###20500###Kinh doanh xổ số######15###0###1###1" Total="0" notRound="0" />
            <Cell CellID="B_54" Value="chk" Total="0" notRound="0" />
          </ListCell>
        </Cells>
      </ListCells>
    </Section>
  </Body>
  <Footer />
</Envelope>