﻿<Sections Version="130">
	<Section Dynamic="0" MaxRows="0">
		<Items>
			<Item Value ="PP1###PP1: Phương pháp So sánh giá giao dịch độc lập"/>
			<Item Value ="PP2###PP2: Phương pháp Giá bán lại"/>
			<Item Value ="PP3###PP3: Phương pháp Giá vốn cộng lãi"/>
			<Item Value ="PP4###PP4: Phương pháp so sánh lợi nhuận"/>
			<Item Value ="PP5###PP5: Phương pháp tách lợi nhuận"/>
			<Item Value ="PP6###PP6: Phương pháp khác"/>
		</Items>
	</Section>	
</Sections>