﻿<Sections Version="310">
  <Section Dynamic="0" MaxRows="0">
    <Items>
      <Item Value ="01###Nông nghiệp, lâm nghiệp và thuỷ sản; khai khoáng; công nghiệp chế biến, chế tạo; sản xuất và phân phối điện, khi đốt, nước nóng, hơi nước và điều hoà không khí; cung cấp nước; hoạt động quản lý và xử lý rác thải, nước thải."/>
      <Item Value ="06###Riêng “sửa chữa, bảo dưỡng máy móc thiết bị và sản phẩm kim loại đúc sẵn”; hoạt động gia công"/>
      <Item Value ="02###Xây dựng"/>
      <Item Value ="03###Bán buôn, bán lẻ; sửa chữa ôtô, môtô, xe máy và xe có động cơ khác"/>
      <Item Value ="04###Vận tải kho bãi"/>
      <Item Value ="05###Dịch vụ ăn uống"/>
      <Item Value ="07###Dịch vụ lưu trú và các dịch vụ khác"/>
    </Items>
  </Section>
</Sections>
