<?xml version="1.0" encoding="UTF-8"?>
<Envelope xmlns:xsi="http://www.w3.org/2001/XMLSchema-instance">
  <Body>
    <Section>
      <ListCells>
        <Cells>
          <ListCell>
            <Cell CellID="C_4" CellID2="C_2" Value="573###10101###    Kinh doanh vũ trường(40%)######40###0###0###1" StatusID=""/>
            <Cell CellID="B_4" CellID2="C_2" Value="0" StatusID=""/>
            <Cell CellID="C_5" CellID2="C_2" Value="574###10102###    Kinh doanh mát-xa, ka-ra-ô-kê(30%)######30###0###0###1" StatusID=""/>
            <Cell CellID="B_5" CellID2="C_2" Value="0" StatusID=""/>
            <Cell CellID="C_6" CellID2="C_2" Value="575###10103###Kinh doanh ca-si-nô, trò chơi điện tử có thưởng(30%)######30###0###0###1" StatusID=""/>
            <Cell CellID="B_6" CellID2="C_2" Value="0" StatusID=""/>
            <Cell CellID="C_8" CellID2="C_2" Value="577###10200###Kinh doanh đặt cược(30%)######30###0###0###1" StatusID=""/>
            <Cell CellID="B_8" CellID2="C_2" Value="0" StatusID=""/>
            <Cell CellID="C_9" CellID2="C_2" Value="578###10203###Kinh doanh gôn(20%)######20###0###0###1" StatusID=""/>
            <Cell CellID="B_9" CellID2="C_2" Value="0" StatusID=""/>
            <Cell CellID="C_10" CellID2="C_2" Value="579###10300###Kinh doanh xổ số(15%)######15###0###0###1" StatusID=""/>
            <Cell CellID="B_10" CellID2="C_2" Value="0" StatusID=""/>
          </ListCell>
        </Cells>
      </ListCells>
    </Section>
  </Body>
</Envelope>
