<?xml version="1.0" encoding="utf-8"?>
<Envelope xmlns:xsi="http://www.w3.org/2001/XMLSchema-instance">
  <Headers>
    <Cell CellID="C_2" Value="0" Total="0"/>
    <Cell CellID="D_2" Value="0" Total="0"/>
    <Cell CellID="E_2" Value="0" Total="0"/>
    <Cell CellID="F_2" Value="0" Total="0"/>
    <Cell CellID="G_2" Value="0" Total="0"/>
    <Cell CellID="H_2" Value="0" Total="0"/>
    <Cell CellID="I_2" Value="0" Total="0"/>
    <Cell CellID="J_2" Value="0" Total="0"/>
    <Cell CellID="K_2" Value="0" Total="0"/>
    <Cell CellID="L_2" Value="0" Total="0"/>
    <Cell CellID="N_2" Value="0" Total="0"/>
    <Cell CellID="O_2" Value="0" Total="0"/>
    <Cell CellID="P_2" Value="0" Total="0"/>
    <Cell CellID="C_3" Value="" Total="0"/>
    <Cell CellID="C_4" Value="" Total="0"/>
    <Cell CellID="C_5" Value="" Total="0"/>
    <Cell CellID="C_6" Value="" Total="0"/>
    <Cell CellID="C_7" Value="" Total="0"/>
    <Cell CellID="C_8" Value="" Total="0"/>
    <Cell CellID="C_9" Value="" Total="0"/>
    <Cell CellID="V_2" Value="" Total="0"/>
    <Cell CellID="V_3" Value="" Total="0"/>
    <Cell CellID="V_4" Value="" Total="0"/>
    <Cell CellID="V_5" Value="" Total="0"/>
    <Cell CellID="V_6" Value="" Total="0"/>
    <Cell CellID="V_7" Value="" Total="0"/>
    <Cell CellID="V_8" Value="" Total="0"/>
    <Cell CellID="V_9" Value="" Total="0"/>
    <Cell CellID="V_10" Value="" Total="0"/>
    <Cell CellID="V_11" Value="" Total="0"/>
    <Cell CellID="V_12" Value="" Total="0"/>
    <Cell CellID="V_13" Value="" Total="0"/>
    <Cell CellID="V_14" Value="" Total="0"/>
    <Cell CellID="V_15" Value="" Total="0"/>
    <Cell CellID="V_16" Value="" Total="0"/>
    <Cell CellID="T_5" Value="" Total="0"/>
    <Cell CellID="T_2" Value="" Total="0"/>
    <Cell CellID="T_3" Value="" Total="0"/>
    <Cell CellID="T_4" Value="" Total="0"/>
    <Cell CellID="T_6" Value="" Total="0"/>
    <Cell CellID="T_7" Value="" Total="0"/>
    <Cell CellID="T_9" Value="" Total="0"/>    
  </Headers>
</Envelope>
